d3	suite
1414 8th Ave	#508
5323 Wood Sorrel Way	Suite B662
6100 Pan American East Fwy NE	Suite 27
1111 S Arch Ave	Suite 499
1120 Raintree Cir	Suite 620
108 N Salem St	Ste 437
1259 S Cedar Crest Blvd	#B571
109 Buford Ave	Ste 531
4049 Lone Tree Way	#428
1720 W Ball Rd	Suite 296
4 Memorial Dr	#686
10450 Rancho Rd	#B464
820 Mountain View St	Ste 13
15290 Pennock Ln	Ste E342
12385 Crabapple Rd	Suite D667
1332 Park St	Ste 368
319 Osler Dr	Suite 28
200 Forbes St	Ste 426
901 N Madison St	Suite 361
1325 Quintard Ave	#659
18345 SW Alexander St	Ste G114
1901 Medi Park Dr	#B468
511 S Gordon St	#284
80 Versailles Blvd	#471
1700 Geary St	#274
5249 Duke St	Ste 510
3431 Broadway St	Ste 264
1506 S Oneida St	#351
2515 SW State St	#652
29525 Canwood St	Ste 651
615 N F St	Suite B315
3800 Janes Rd	Ste 147
515 Wekiva Commons Cir	Ste D612
11 E Adams Ave	#125
3340 Providence Dr	Ste 200
3768 State Highway 30	Ste 236
170 University Dr	#426
63 Shaker Rd	Ste 63
7432 Little River Tpke	Ste 221
1601 Medical Arts Blvd	Suite 546
3815 Stange Rd	#499
4490 Mount Royal Blvd	#389
2100 Antilley Rd	Suite A100
26831 Aliso Creek Rd	Suite 641
4350 Jackson Rd	Ste 208
50 Sand Run Rd	Suite E371
18660 Us Highway 18	Suite 80
3449 Freedom Park Dr	#D289
612 W Duarte Rd	Suite 70
230 Main St	Suite 388
3401 Springhill Dr	Ste 288
315 E 5th St	Ste 308
2290 Mcdaniel St	Suite 203
26127 Lorain Rd	#184
1460 NE 123rd St	#B580
2705 Dekalb Pike	Ste 607
25 Craig Pl	Suite 555
6000 Executive Blvd	Suite 308
13330 Bloomfield Ave	Suite 184
85 N Washington St	Ste 183
2070 Northbrook Blvd	#B297
193 Locust St	Ste 696
1304 Franklin Ave	Ste 169
10 Mott Ave	#646
2415 Jerusalem Ave	Suite 18
6937 Williams Rd	#232
6805 NE Loop 820	#B496
2417 Westport Dr	Suite B541
1 E Willard Ave	Suite B157
6 John H Chafee Blvd	Suite 69
9669 E 146th St	Suite 262
34960 Center Ridge Rd	Suite 307
165 Rowland Way	#239
330 Washington St	Suite 127
361 Hospital Rd	#D324
11842 Rock Landing Dr	Suite 369
232 W F St	#491
23975 Novi Rd	#171
1477 Louisiana Ave	Ste 143
2944 Hunter Mill Rd	Ste 250
3475 N Saratoga St	Suite 587
140 Lockwood Ave	#406
17 Hillhouse Ave	Ste 399
551 Wabash Ave	Ste 186
2845 SE 3rd Ct	#667
1400 SE 4th St	Suite 632
744 52nd St	Ste 156
5153 Holt Blvd	Suite 257
300 W Huntington Dr	#B678
21907 64th Ave	Ste 315
365 Montauk Ave	Suite 668
4440 W 95th St	Ste 616
2702 N University Dr	#B241
21 Commerce Ct	#676
1329 N Wolf Rd	Suite 529
108 Market St	Ste 82
3230 Waring Ct	Ste 247
3 College Rd	Ste 77
2700 Baker St	#506
1535 E Common St	Suite 520
3471 Belle Terre Blvd	Ste 586
856 Munras Ave	Suite 86
200 N Tillotson Ave	#676
5819 Highway 6	#488
3664 College Ln S	Ste 664
815 Washington Blvd	#233
4402 E Flamingo Ave	#663
9455 Lorton Market St	Ste B477
6201 Greenleigh Ave	Ste 469
280 Main St	Ste B585
842 Altos Oaks Dr	Suite 460
57 S Main St	Suite 109
1132 Dow St	Suite 633
10330 SE 32nd Ave	Suite 400
100 Stevens Ave	Suite 361
6713 Lincoln Ave	Suite 602
3024 Snelling Ave	Suite 629
1019 State Route 17m	Suite 497
1313 Dolley Madison Blvd	Ste 263
801 S Ham Ln	Suite 75
612 Spring Rd	Suite 53
2550 Mosside Blvd	Ste 334
2700 SE Stratus Ave	Suite 646
75 Riverside Ave	Suite 438
3333 W Tech Rd	Suite 215
342 B Ave	Suite 245
5300 Bowman Rd	#311
2004 Hayes St	#324
1647 Route 112	Ste 448
1225 E Coolspring Ave	#562
46 Foster St	#87
1721 Financial Loop	Suite 133
17900 N Porter Rd	Suite 140
1111 W 4th St	Ste 46
570 Long Point Rd	#168
611 E Douglas Rd	Suite 80
8910 Vernon Rd	#B332
3770 Due West Rd	Ste 326
685 Twelve Bridges Dr	#A572
307 Vernedale Dr	Suite 312
1500 S Bryan Rd	#472
8850 Callander Cir	#235
4600 Valley Rd	Ste 9
2055 E South Blvd	Suite 403
4698 S Highland Dr	Ste 541
2880 E Hayes St	Suite 445
33017 Professional Dr	Suite B584
300 Hartle Ct	Ste 560
15808 Mill Creek Blvd	#492
1220 Main St	#B298
26691 Plaza	#697
10414 Spencer Hwy	Suite C435
12815 Heacock St	Ste 58
433 Bayou Oaks Dr	#649
1211 S Reserve St	#569
2116 W Faidley Ave	Ste A95
8th Avenue	#B301
2101 Little Mountain Ln	Suite 248
70 East St	Ste E452
6167 N Fresno St	Suite 103
101 Martin Luther King Dr	#12
1555 Barrington Rd	Ste 585
4725 Wellington St	#467
8750 SW 144 St.	Suite 238
19251 Montgomery Village Ave	Suite 108
970 Embarcadero Del Mar	Ste 296
770 Balgreen Dr	#12
5350 Transportation Blvd	Suite 604
606 Liberty St	Suite C116
155 S Arch St	Ste 336
100 Grand St	Suite 31
201 N Mayfair Rd	#275
20480 Pacifica Dr	Ste 193
3301 Beechwood Ave	Suite 579
16130 Juan Hernandez Dr	Suite A448
118 Womens Center Ln	Suite 32
1212 S Douglas Blvd	#325
725 Hamline St	Suite A95
2940 Rollingridge Rd	Suite 221
751 NE Blakely Dr	Suite 386
304 University Ave	Suite 496
39 Prospect St	Suite 329
4112 Harbour Pointe Blvd	Ste 457
5015 Floyd Rd	Ste 1
1300 Crane St	Suite 313
107 Pelham Commons Blvd	Suite 420
1491 Broadway Ave	Suite 187
125 Paterson St	Suite 480
9485 Mentor Ave	Ste 455
2500 Alhambra Ave	Suite 35
288 Groveland St	#603
15 S 8th St	#147
3906 E Us Highway 377	Suite 597
800 Prairie Center Dr	Suite 68
6090 Thornton Ave	Ste 512
4801 S Cliff Ave	Suite A115
210 W Saint Georges Ave	Suite 413
21120 Meridian Ave	#B175
15041 Tamiami Trl	Suite D628
605 S Coolidge St	Ste C439
511 W Fm 544	Suite 500
10 George St	#289
142 W 5th St	#388
375 E 49th St	Suite 643
17705 Hutchins Dr	#142
600 N Garfield Ave	Ste D364
290 S Wellwood Ave	#269
17095 Main St	Ste 248
100 Hospital Rd	Ste D494
3601 SW 160th Ave	Suite 233
2600 Glasgow Ave	Suite 309
4102 24th St	#315
1809 Maple St	Suite 121
13000 Josey Ln	Suite 492
331 N Breiel Blvd	#420
221 Chestnut St	#459
15913 Amar Rd	#B24
4800 N Saginaw Rd	Ste B59
500 Alfred Nobel Dr	#484
200 Executive Center Pkwy	Ste B641
8600 75th St	Suite 502
701 E El Camino Real	#338
2002 Brookside Dr	#167
929 N Galloway Ave	Suite 388
4699 Main St	#332
600 Mamaroneck Ave	Ste E146
45405 Hancock Ave	Suite B613
401 Devon Pl	Ste B679
3939 Houma Blvd	#B102
125 Newbury St	Ste 171
2460 Burton St	Suite 577
1865 Tamarack Rd	Ste 619
324 N 25th St	Suite 260
11 Jenkins St	#259
2090 Deer Park Ave	Suite 210
725 Jesse Jewell Pkwy SE	Suite 536
1429 College Ave	Ste 460
918 Ulster Ave	Suite 619
3225 Hillcrest Park Dr	Ste 518
2 Eastgate Ave	Ste 298
202 Westgate Rd	Ste B511
971 11th Ave	Suite 368
1750 Thompson Rd	#B378
4001 Carrick Dr	#89
176 W University Pkwy	Ste 28
12 West St	#237
100 W Central Texas Expy	#413
630 E River St	#323
5953 Atlantic Blvd	#212
1600 Medical Center Dr	#393
24080 SE Kent Kangley Rd	Ste 392
184 Palm Ave	Suite 6
1224 10th St	#695
19500 Sandridge Way	#610
3100 Weslayan St	Suite 399
5100 W Copans Rd	Suite E124
621 N 77 Sunshine Strip	Ste 10
2500 N State St	Suite B69
19401 40th Ave	Suite 208
18800 Delaware St	#366
1650 Slaughter Rd	Suite 669
319 E Antietam St	#83
401 Ferndale Blvd	Ste B451
3600 Kolbe Rd	Suite B4
802 Wayne St	#419
300 2nd Ave	Suite 247
2611 45th St	#516
8501 Troy Pike	Suite 159
140 C St	#228
752 N High Point Rd	Suite 6
165 Mill St	#A86
640 Purissima St	Ste 236
4674 Britton Pkwy	#268
9905 Woodstock St	Ste 670
201 9th St	Suite 609
54 Heather Ln	#295
11875 Coit Rd	#E654
850 E Latham Ave	Suite B179
11234 Anderson St	Suite E165
184 Essex St	Suite 3
1725 Harrodsburg Rd	Ste 685
129 W Lake Mead Pkwy	Suite 654
266 Main St	Ste 234
2040 Pacific Coast Hwy	Suite 279
2380 N 400 E	Suite 87
269 Union St	#B655
2001 70th Ave	Ste B594
700 W 6th St	Ste 6
1202 NW Arlington Ave	#337
1130 W 4th St	#46
1220 E Elm St	Suite 226
424 S Monroe Ave	Suite B454
333 Mercy Ave	Suite 112
2121 N 1700 W	Ste 662
100 Frederick St	Suite 251
590 Manning Dr	#75
761 Franklin Blvd	Ste G535
25 Marston St	#467
1935 Southwood Dr	#247
16180 SE Sunnyside Rd	Suite 95
1230 S Linden Rd	Ste 432
1955 Lancaster Newark Rd	#693
122 Portion Rd	Suite A639
31946 Mission Trl	#D554
802 Hopkins St	Ste 170
18 Old Etna Rd	Suite 66
421 W College St	Ste 595
10039 Vine St	#650
1021 W 5th Ave	#139
1600 W Avenue	Suite A106
13540 Walsingham Rd	Ste B144
477 N El Camino Real	#637
13901 Riding Loop Dr	Suite 468
27303 Sleepy Hollow Ave	#616
1 School St	Suite B477
407 S Schwartz Ave	Ste 697
990 Belvedere Dr	#A582
3000 15th Ave	#265
1731 3rd St	#348
34052 La Plz	Suite 273
7701 W Aspera Blvd	#344
709 N Main St	Ste 571
11100 Warner Ave	#G564
6608 Mercy Ct	#218
200 Hawkins Dr	#541
1126 So. 14th A	Ste A277
601 Childrens Ln	Suite 77
2200 Tydd St	Suite B404
1475 Taney Ave	Ste 166
382 120th Ave	Suite 559
10139 Royalton Rd	Suite 682
70 Meadowview Ctr	Suite 271
20-20 Fair Lawn Ave	Ste 402
636 Church St	#673
1750 Norwood Dr	Suite 684
2890 Niagara Falls Blvd	Ste 533
12710 Totem Lake Blvd	Ste 386
9675 SE 36th St	Ste 272
220 E Spring Valley Pike	Suite 339
2030 Stringtown Rd	Suite 377
56 Winchester Rd	Ste 671
1035 Dale Earnhardt Blvd	#575
100 Crystal Run Rd	Suite 448
1801 W Windsor Rd	Ste 212
1012 Water St	#154
875 5th Ave	Suite 322
3 Elizabeth St	#B35
1125 Madison St	Ste 614
802 E University Dr	#101
2565 Main St	#657
715 Savannah Ave	Suite 658
589 Los Coches St	Ste 553
325 Park St	Suite G12
400 S Oyster Bay Rd	Ste 619
3 Erie Ct	Suite 101
10100 Loop 40	#196
9137 Chamberlayne Rd	Ste E13
209 E Main St	Suite 401
47250 Washington St	#490
4431 E Us Highway 287	Suite 530
655 Euclid Ave	Ste 500
1 Medical Center Dr	Suite 393
2217 Eldorado Pkwy	#13
618 Cornwall Rd	Suite B208
546 S Broad St	Suite 516
305 N Bellwood Rd	Suite A624
18821 64th Ave	Suite 147
1811 N Arkansas Ave	#229
701 Matlock Rd	#442
745 S Progress Ave	#496
305 Church St	#A52
330 Northgate Dr	#456
800 Corporate Dr	#B74
6258 Poplar Ave	Ste 544
325 W Gowe St	Suite 334
3548 Ellwood Rd	Suite B54
138 W Webster St	#239
3889 Military Trl	#622
4551 Pleasant Hill Rd	#215
504 Hicksville Rd	Suite 647
7110 Stadium Dr	#306
180 Phillips Hill Rd	#255
314 Fairy Street	Suite B547
808 Keller Pkwy	Suite 553
27168 Newport Rd	Suite 576
4100 Fairway Dr	#550
201 Saint Ann Dr	Suite B177
161 Washington Ave	#547
4444 Kalamazoo Ave	Suite 378
411 E Parkwood Ave	#520
2747 John F Kennedy Blvd	Suite 266
4888 NW 183rd St	Ste 280
3614 Washington Pkwy	Suite 619
10310 Couloak	#561
8330 Naab Rd	Suite 116
815 10th St	#40
119 Neurology Way	#643
720 NW 6th St	Suite 642
81709 Doctor Carreon Blvd	Suite 627
8782 Bronson Dr	#666
2801 Daggett Ave	#398
1001 Broadway	Ste 393
3845 S New Hope Rd	#580
1117 W De La Rosa St	#634
15 S Main St	Ste 437
19900 State Route 739	Suite 308
6525 Belcrest Rd	Suite 552
2094 Merrick Ave	#628
329 W 8th St	Ste 678
340 Dardanelli Ln	#678
3524 E Milwaukee St	Ste 472
2035 Mesquite Ave	#140
589 NW 11th St	Suite 461
10670 NE Cornell Rd	#176
311 Los Lentes Rd	Suite 532
5845 E Still Cir	Ste D615
7400 El Cajon Blvd	Suite 30
333 E County Line Rd	Suite 297
4595 New Falls Rd	Ste 455
5900 Pacific Blvd	#539
1325 S Apollo Blvd	#105
15034 Imperial Hwy	#95
2 Marshland Rd	Ste 322
24850 SE Stark St	#G252
1305 Savannah Road	Ste 467
4420 76th St	Ste D8
2201 Willamette St	#453
1160 Manheim Pike	#550
340 Main St	Suite 442
5778 Darrow Rd	#414
1225 N H St	Suite G543
77 Nealy Ave	Ste 404
8809 Wilkens Blvd	Suite B61
1441 W Pleasant Run Rd	#688
180 E Pulaski Rd	Suite 572
2110 N Bellflower Blvd	#601
1947 Medical Avenue	Suite 431
200 W Esplanade Ave	#576
7840 Vinewood Ln N	#351
1600 NW 40th Ave	Suite B330
101 Prospect Ave	#B274
5400 Chambers Hill Rd	Ste 496
4221 Benner Rd	Ste 645
17170 Colima Rd	Suite 574
651 Main St	#547
5151 Warrensville Center Rd	#581
2740 N State Highway 360	Ste 597
722 Baker St	#471
590 Court St	Suite 498
2701 Little Elm Pkwy	Suite 593
23321 El Toro Rd	Suite 506
2643 Patterson Rd	Suite 228
410 N Parrish Pl	Suite E250
6400 Dutchmans Pkwy	Ste 328
8108 W Grandridge Blvd	#415
1355 15th St	#193
15446 S Western Ave	#432
233 7th St	Suite 616
3466 Mt Diablo Blvd	Ste G167
3416 Cambridge Falls Trl	Ste 448
6440 W Newberry Rd	#47
1311 N San Fernando Blvd	Suite B474
2304 John Rolfe Pkwy	Ste 336
2407 Ring Rd	Ste 560
1700 Prairie City Rd	#605
1309 S Mission Rd	Suite 67
4027 Hoyt Ave	#354
215 Harrison Ave	#C50
7305 Baltimore Ave	Ste C225
789 Broadway	Suite 258
3008 Dawn Dr	#681
10 Members Way	Ste B446
9394 Big Horn Blvd	#372
1600 W Northwest Hwy	Suite 218
150 S Grand Ave	Suite 451
200 NW 7th Ave	#B127
1458 W Poplar Ave	#583
4900 Long Prairie Rd	#407
320 Arden Ave	Suite G126
1241 E Hillsdale Blvd	Suite 430
19514 Doctors Dr	#566
370 Lunenburg St	Ste 190
72 E Newton St	Ste 234
648 Old West Central St	Suite 460
416 Wolf Hill Rd	Suite 431
115 Blarney Dr	Ste 351
196 North St	Ste 411
24748 W Warren St	#A29
2920 N 4th St	Ste 88
330 Laurel St	Suite 430
406 State Rt 23	Ste 147
4800 College St	Ste 10
9100 Viscount Blvd	Suite 14
154 Warren St	#C386
554 Larkfield Rd	#243
2201 Hempstead Tpke	Ste 61
109 Mcnary Estates Dr	#261
124 E Us Highway 80	Suite 468
45 Eastern Point Rd	Ste 386
702 Robeson St	Ste 639
125 N Lincoln St	Ste 491
10418 Valley Blvd	Suite 82
1155 Alpine Ave	Ste 78
280 Exempla Cir	Suite 129
219 W 6th Ave	#C257
2859 Aaronwood Ave	Suite 178
220 N Ridgeway Dr	Ste 585
1710 N Randall Rd	#561
3800 Harbor Rd	#B132
800 S Church St	Suite 541
1213 Hylton Heights Rd	#205
12742 Limonite Ave	Ste E361
4515 Southlake Pkwy	#46
578 31st St	#A398
3898 Vineyard Dr	Suite 358
777 E Wheatland Rd	Ste 553
1532 W 32nd St	#177
100 Medical Center Pkwy	Ste 527
195 Canal St	Suite 688
225 Williamson St	#694
4124 Blanding Blvd	#205
602 N 6th Ave	Ste 94
207 Wise Ave	#144
1203 Delaware Ave	Ste 405
307 Westpark Way	Suite 63
2587 Henderson Dr	Ste 602
6020 Fayetteville Rd	#G381
263 Prospect St	#31
10623 Crestwood Dr	#138
7000 Boulder Ave	#49
510 E Oglethorpe Hwy	Ste 218
3254 Sycamore Rd	Ste 528
340 Maple St	Ste 604
17307 SE 272nd St	#B149
206 W County Line Rd	Suite 588
3650 South St	Suite 458
125 Greentree Dr	#111
26401 Pacific Hwy	Ste 249
333 Whitesport Dr	Suite 198
10121 Westminster Ave	Ste B192
4206 Frazier Pike	#G303
525 E Main St	Suite 117
510 N Elam Ave	#179
12 N Dorcas St	#249
1210 14th Ave	Ste 305
11700 W 2nd Pl Medical Plaza 2	#355
1405 Kellum St	Ste 544
609 Washington St	Suite 128
93 Skyline Plz	#629
5224 N Figueroa St	#603
7915 Lake Manassas Dr	Suite 526
1105 W Frank Ave	#348
88 W Colt Square Dr	Ste 285
2100 Stantonsburg Rd	Ste 542
821 SW Lemans Ln	#B620
2200 Village Parkway	Suite B405
1901 Hay Ter	Suite 546
3650 Route 112	Suite D390
430 E Division Streetq	Suite 27
850 E Xenia Dr	Suite 28
1551 Professional Ln	#428
3017 Duvall Ridge Rd	Suite 686
99 E State St	#202
1535 Ellinwood Ave	Ste 435
3023 Hamaker Ct	Ste 698
17110 Dallas Pkwy	Ste G619
1627 E Bristol St	#G320
2090 Saxon Blvd	Ste 290
2975 Ginnala Dr	Suite 299
3430 Center St	#B590
680 E Main St	#470
105 Richeson Dr	Suite 148
2811 Duke Of Gloucester St	Ste 414
2280 Us Highway 70 W # B	Suite B377
2999 Olympus Blvd	#410
3033 State Rd	#118
285 Mercey Springs Rd	Suite 636
9055 Springbrook Dr	Ste 156
1205 N 6th St	Suite 687
9333 Imperial Hwy	Ste 52
1525 Cornerstone Ct	Ste 422
1200 E Michigan Ave	Ste B415
2719 Pulaski Hwy	#362
2730 S Val Vista Dr	Suite 67
431 S Keech St	Suite B335
2315 8th St	#171
4001 King Ave	Suite 179
4038 West Rd	Suite 355
723 Hill Country Dr	Ste 332
8821 Columbia 100 Pkwy	#E135
3400 Lee Blvd	Suite 673
17577 Arrow Blvd	Ste 568
450 4th Ave	#B533
444 W El Monte Way	Suite 152
2000 NW 87th Ave	Ste 698
2800 Main St	Ste 551
76 High St	Suite B606
761 5th Ave	#106
711 Kearny Ave	Suite E121
28100 Grand River Ave	Suite 654
7592 Broadway	#691
24510 Kingsland Blvd	#A37
7381 W Charleston Blvd	#291
517 Oak St	Ste 672
321 Westgate Pkwy	Suite 189
1000 S Marlyn Ave	#205
23521 Paseo De Valencia	Suite 188
18 Eastwood Blvd	#247
605 S Conroe Medical Dr	Ste 625
17 Firstfield Rd	#568
777 NW 9th St	Ste 446
1133 E Stanley Blvd	#321
1933 Shields Rd	Ste B519
21600 Highway 99	Ste 652
2210 E Compton Blvd	#22
15810 S Harlan Rd	Ste 520
38253 Ann Arbor Rd	Suite 513
19855 Outer Dr	#675
331 Landrum Pl	Suite 80
1900 Composite Dr	#A242
1835 Sunny Crest Dr	Suite 349
41 Germantown Rd	Suite 685
6325 Hospital Pkwy	#270
201 That Way St	#542
5252 Orange Ave	#10
26151 Euclid Ave	Ste 595
901 San Ramon Valley Blvd	#443
5920 Saratoga Blvd	Suite 165
1751 Gunbarrel Rd	Suite 648
9135 Schaefer Rd	Suite 363
32341 Coast Hwy	Ste 487
1602 Rock Prairie Rd	#245
2333 Foothill Blvd	#517
2415 High School Ave	Suite 423
705 W Oakland St	Ste 485
2929 Lakeland Hills Blvd	Ste 427
205 Roanoke St	Ste 34
251 Park Ave	Ste B362
15603 Hawthorne Blvd	#39
17 E Genesee St	Suite B604
301 Med Tech Pkwy	Suite 137
6020 Rutland Dr	Suite 580
6505 Market St	#635
864 Central Blvd	#134
14701 Detroit Ave	#G69
1279 E 1st Ave	#589
1204 W. Main St.	#455
6213 Colleyville Blvd	Suite 566
16510 Bloomfield Ave	Ste B397
13421 Old Meridian St	Suite 535
9000 Woodyard Rd	Ste 195
140 SW 146th St	Suite 482
14150 Culver Drive 100	#342
801 NW Saint Mary Dr	Suite 675
3444 Kossuth Ave	Ste A300
150 Lower Westfield Rd	#435
1514 Anthony Rd	Suite 143
444 Montgomery St	Suite 100
6301 Beach Blvd	Ste 627
4045 E Belknap St	#530
2 Health Center Dr	Ste E590
3501 N Macarthur Blvd	#234
17001 Science Dr	Suite 36
69175 Ramon Rd	Suite 662
464 Herndon Pkwy	Suite 666
1911 Cooks Hill Rd	Suite 19
237 Hampshire St	#234
391 Britannia Pkwy	Suite 641
210 S 2nd St	#G555
1608 W Fm 700	Suite B237
2001 Brookstone Centre Pkwy	Suite 596
4937 Las Virgenes Rd	Ste 600
57 Larch St	Suite 63
404 N Keene St	Suite 142
1100 Ward Ave	Suite 446
895 Union St	Ste 78
209 W State St	#294
6971 El Camino Real	Suite 468
4439 State Route 159	#31
297 Passaic St	Suite 37
45 W Suffolk Ave	Suite 170
1550 Gateway Blvd	#17
2145 N Fairfield Rd	Suite 651
11203 Bridgeport Way SW	Ste 472
545 Bedford St	#520
2740 Herndon Ave	#685
205 N East Ave	Ste 143
1 Medical Center Blvd	#225
2005 W Main St	Suite 668
12391 S 4000 W	Ste 581
11555 1/2 Potrero Rd	#123
1479 N River Rd	Suite 121
3133 Professional Dr	#472
2660 Gulf Fwy S	Ste G216
608 G St	Suite 241
4101 Marys Creek Dr	#175
1150 N 35th Ave	Suite 694
7742 W Higgins Rd	Suite 36
149 Vine Street	Suite 496
1573 S Fort Harrison Ave	#68
3535 Pine Ave	#A528
132 S Moon Ave	Suite 412
114 Lake Dr	Suite 371
7620 Deer Run	#416
4C North Ave	#558
530 Rodney Ct	Suite B138
250B Butler Cmns	Suite 650
135 Rutledge Ave	Suite 99
201 Park St	Suite G444
830 N Krome Ave	#644
914 E Gladstone St	Suite 343
3302 Bonita Beach Rd	Suite 62
411 N Main St	Suite 365
4102 S Clear Creek Rd	#486
7701 Greenbelt Rd	Suite 616
11100 Euclid Ave	Suite 295
215 Remington Blvd	Ste 568
206 N Curry St	Suite 395
11724 NE 195th St	Suite B671
1950 University Ave	Suite 487
3 Cooper Plz Rm 200	#87
380 Oser Ave	Suite 144
5511 Raeford Rd	Suite 298
21501 Avalon Blvd	Ste 225
8186 Lark Brown Rd	#512
5673 Peachtree Dunwoody Rd	Ste 355
731 N Beach Blvd	Suite E421
2800 10th Ave	Suite 313
1926 Alcoa Highway	Suite G234
4323 Carothers Pkwy	Suite 345
380 Dogwood Ave	Suite 53
501 Bay St	Suite 215
2112 Forum Pkwy	Suite 470
66984 Vista Pl	#593
1086 Franklin St	Ste 539
1301 S Waldron Rd	Ste 346
329 Conway St	Suite 549
4000 Cambridge St	Ste 187
1344 Wintergreen Ln NE	Suite 598
70 Cohansey St	Suite 256
7845 Oakwood Rd	Ste 354
1200 Sunset Ln.	Ste 43
301 N. Madison St.	Ste 13
1121 E Washington Ave	#257
4881 Palm Beach Blvd	Ste A226
1650 Walnut St	#406
1345 W Central Park Ave	Suite 626
107 Town Center Rd	Ste 564
3535 San Dimas St	Suite B268
1400 Bellinger St	#252
133 N Prairie Ave	Suite 655
5715 Centre Square Dr	Suite 496
1000 Langworthy St	Suite 649
2045 N Franklin St	Suite 387
12 Professional Village Cir	Ste 159
101 S Bergen Pl	Suite 68
1225 Graham Rd	#405
30110 Crown Valley Pkwy	Ste 522
625 Kent Ave	Ste 507
5410 N Tryon St	#429
7373 France Ave	#247
6069 S Southlands Pkwy	#64
591 Mccray St	Ste 83
95 N Washington Ave	#288
1311 Londontown Blvd	Suite B192
15825 Professional Plz	Ste B41
109 Bridge St	Ste G139
920 N Hamilton Rd	Ste 225
401 Reynolds Dr	Suite 671
3525 Olentangy River Rd	#579
1305 Bear Mountain Blvd	Ste 103
11539 Hawthorne Blvd	#9
7070 E Dr	Ste 690
10811 Washington Blvd	Suite 48
4043 Dayton Rd	Ste 464
15840 Medical Dr	#384
1940 Briarwood Dr	#652
185 Central Ave	#518
81 Highland Springs Ave	#570
1594 Freedom Boulevard	#671
646 Commack Rd	Suite 572
377 E William St	Ste 241
4780 SW 64th Ave	Suite E111
1101 S 28th Ave	Ste 145
123 Ed Schmidt Blvd	#11
2401 Gillham Rd	Suite 521
3001 Fm 2181	Ste 471
1293 6th St	Ste C551
700 Geipe Rd	#109
8815 Baltimore National Pike	Suite 395
8100 Northland Dr	#434
301 S 320th St	Suite 204
4702 Grand Ave	#217
390 Courthouse Rd	#667
3200 Maccorkle Ave	Suite D70
6924 Indianapolis Blvd	Suite A621
22616 Gateway Center Dr	#193
200 Gentilly Blvd	#650
100 E Jackson Ave	#B395
1021 Eden Way N	Suite 467
1906 Fairview Ave	Ste E676
1303 Jefferson St	Suite 175
1175 Cedar Ct	Ste 287
6001 W Cermak Rd	Suite 158
2620 Eagan Woods Dr	Suite 188
423 E 2nd St	Suite 656
7551 Madison Ave	Ste 244
3231 Euclid Ave	Suite 102
900 E Main St	Ste 47
5502 Dixie Hwy	#340
5210 Linton Blvd	Suite 545
650 N Cole Rd	Ste 545
10569 Chambers Rd	#94
458 Town Sq	Ste 680
7101 Us Highway 90	#2
201 Ridge St	Suite B563
5150 Florence Ave	#118
5901 Encina Rd	Suite 80
1781 E Ammann Rd	#219
1601 Monte Vista Ave	Suite 132
1515 SW Cary Pkwy	#337
9780 S Estrella Pkwy	#435
123 2nd St	#290
1122 E Main St	#618
420 W Rowland St	Ste 126
2900 E 29th St	#206
437 Denison St	Suite B353
36065 Santa Fe Ave	#G561
282 Washington St	Ste 566
10 Warren Rd	Suite 505
11701 Livingston Rd	Ste B459
201 S Walnut Ave	#G423
326 Cooper St	Suite B451
4987 Golden Foothill Pkwy	Suite 184
4761 Higbee Ave	Suite 221
606 W Pershing Rd	#509
2516 E Whitmore Ave	Suite 376
1025 Pennock Pl	Suite E306
1 Medical Park Blvd	Suite 91
2000 Oxford Dr	Suite 449
2200 Roy Richard Dr	Suite 452
11530 Allisonville Rd	#521
9157 Montgomery Rd	Suite 279
770 Magnolia Ave	Suite 50
10 Severance Cir	Suite 52
202 10th St	#531
7301 Hennessy Blvd	Ste 235
3240 NE 3rd Ave	#243
2755 Silver Creek Rd	Suite 34
387 Civic Dr	#B646
1820 Ogden Dr	Suite 31
407 N Washington St	Ste 210
55 2nd Ave	Suite 464
151 Everett Ave	Suite 9
1001 Arbor Park	Suite E403
13671 Georgia Ave	Ste B511
5100 Auth Way	Ste 441
11723 238th St	Suite 515
737 Broadway N	Suite 314
5104 N Clinton St	#84
83 Herrick St	Ste 599
345 Cypress Creek Rd	#99
400 Palisade Ave	#672
25 Collins Rd	Ste 656
2200 NE Professional Ct	Suite 662
5051 Verdugo Way	Ste 139
6385 Stage Rd	#396
308 Saint Joseph Dr	#A372
6655 Post Rd	Suite 236
802 W Lampasas St	#B361
25055 Riding Plz	Ste B90
39 Brentwood Rd	Suite C22
7035 Beracasa Way	Ste 367
50 Mount Prospect Ave	Ste 410
53 Manor Dr	Ste 63
225 Crosslake Dr	Ste E337
328 N Congress Ave	Suite 147
2660 Scripture St	Ste 317
408 Colusa Ave	Ste 496
482 S Landmark Ave	Suite 524
1760 E Florence Blvd	Ste C630
15035 East Fwy	#B288
20751 W Market St	#D430
2400 Balfour Rd	Suite 664
9301 Wilshire Blvd	#92
220 E Hacienda Ave	#521
20103 Lake Chabot Rd	Ste 153
3401 Columbia Pike	#538
3200 Kearney St	Ste E189
350 Engle St	Suite 97
1011 Baldwin Park Blvd	Ste 40
113 Trail One	Ste 633
1514 Valley Vista Dr	Suite 523
566 Robinson Ave	Suite 680
2017 W I 35 Frontage Rd	Ste 625
9094 E Mineral Cir	Suite A129
8500 Edinbrook Pkwy	Suite 95
2329 Huntington Dr	#607
63 Main St	#310
3705 Medical Pkwy	#128
5012 S Us Highway 75	Suite 391
4301 Garth Rd	Ste B511
17321 Telegraph Rd	Ste 345
2700 Northup Way	Ste 281
301 University Blvd	Suite 478
602 Ivy St	#455
22895 Brambleton Plz	#98
209 Prince St	#383
811 Governors Pl	Ste A4
340 Wood Rd	#669
391 Broadway	Suite B385
1522 E A St	Suite B105
1951 N Veterans Blvd	#6
4707 Buckingham Ct	Suite 116
41651 Fm 3159	Suite G578
21785 Filigree Ct	Ste B19
486 Gray Ct	Suite 339
385 W Main St	Ste 284
900 Lee Ann Dr	Suite 9
2280 Grand Ave	Ste 657
2510 Bellevue Medical Center Dr	#E204
2225 Defense Hwy	Suite 113
9750 NW 33rd St	Suite 38
800 Fairway Dr	#B262
340 E 1st Ave	#386
205 S Halcyon Rd	#19
1691 Innovation Dr	Ste 174
4570 Lyons Rd	Suite B491
7825 Atlantic Ave	Ste 588
3929 Peachtree Rd	#89
2000 Ogden Ave	Suite C642
12300 Lake June Rd	Ste 431
2301 House Ave	Ste B85
549 Fair St	Suite 664
275 Millway	Ste 235
760 5th St	Suite 363
2919 26th St	#132
1301 Atlantic Ave	Ste 198
9400 Rosecrans Ave	Ste 168
1919 Lincoln Way	#334
1607 N Circle Dr	#444
10320 W Mcdowell Rd	#45
8901 Wisconsin Ave	Ste 31
701 E Rosser Ave	#551
10050 Ralston Rd	Ste 352
159 Pleasant St	#33
2401 N Ocoee St	#255
12001 South Fwy	Suite D335
1429 N Mount Auburn Rd	Suite 211
473 74th St	Suite 285
205 10th St	Suite 364
400 N Pepper Ave	Ste 672
2825 Prairie Ave	Ste 213
4160 Little York Rd	Suite D639
5101 Lanier Ave	Suite B499
2175 N Alma School Rd	#B218
15950 SW Millikan Way	#267
1031 SE 9th Pl	#159
6431 S Island Dr	Ste 330
1051 W Rand Rd	Suite 304
3024 Easton Ave	Suite 577
253 Pleasant St	Suite 559
5999 Burke Commons Rd	Suite 421
1000 Chinaberry Dr	#133
277 Peninsula Farm Rd	Suite 449
303 E Nicollet Blvd	#90
1900 Columbus Ave	Suite A54
220 Unity St	#492
3750 Grand Ave	Suite 409
410 S Wilcox St	#108
1111 Glynco Pkwy	Suite 10
654 Avenue	#531
10333 El Camino Real	Suite 474
15855 Pomona Rincon Rd	Ste 665
1686 Colfax Ave	#588
2700 Avenue	Suite 58
1 S Prospect St	Suite A168
1601 El Camino Real	#498
10705 Town Square Dr	#B96
801 SE Plaza Ave	#E400
17903 W Lake Houston Pkwy	#268
4065 Center Rd	Ste 6
955 W Imperial Hwy	Ste 43
303 Main St	#D450
725 Frances Ln	#389
18601 Valley Blvd	Suite 25
3605 Hospital Rd	#325
1 Boone Rd	Suite 565
400 Lem Morrison Dr	#160
805 Fairview Rd	#221
2259 Lake Ave	Suite 672
36320 Ravinia Ln	Suite 341
6501 Garfield Ave	Suite 304
3823 172nd St	Ste 586
225 S Main St	#561
1500 Oglethorpe Ave	Suite 528
705 E Virginia Way	Suite 60
5533 Mahoning Ave	#G585
1941 S Baney Rd	Suite 11
9267 Greenback Ln	#34
795 El Camino Real	Suite 648
144 W 5th St	Suite 473
2767 Olive Hwy	Suite B431
811 12th St	Suite 603
4850 S Bradley Rd	#70
2186 Harris Ave	Ste 580
73950 Alessandro Dr	Suite A354
600 N Westhaven Dr	#99
4941 Olivehurst Ave	Suite 80
2901 Olney Sandy Spring Rd	Ste 670
5 Park Center Ct	#445
1110 Annapolis Rd	#B2
1219 SW 4th Ave	Suite 441
110 Broad Ave	Suite 139
800 Garfield Ave	#427
1000 Breckenridge St	Ste 394
10 N Locust St	Ste 346
1 Healthy Way	Ste 73
3900 S Goldenrod Rd	Suite 286
22 Madison Ave	Ste 108
19 Old Kings Rd	Ste 147
1700 N Rose Ave	#561
9550 W 167th St	Suite 82
1620 Cooper Point Rd	Suite 604
4140 Woodlands Pkwy	#97
1010 W La Veta Ave	#42
9515 Harford Rd	#316
669 Crespi Dr	#319
535 Main St	Suite 398
6240 W 135th St	Suite 436
1100 N Palm Canyon Dr	#455
4383 Northlake Blvd	Ste 159
7101 Eastridge Rd	Ste 2
320 E Palmdale Blvd	Ste B569
2424 Frankford Ave	Suite 94
700 W 800 N	#39
16538 W 159th Ter	Suite E653
3851 Navarre Ave	Suite 528
345 Clyde Morris Blvd	Suite 220
421 Main St	#B463
1128 Clarksville St	Suite 505
8901 Indian Hills Dr	#94
110 Beavercreek Rd	Suite B139
20 Progress Point Pkwy	Suite B306
1056 E Philadelphia St	#416
15955 Paramount Blvd	#222
10168 Parkglenn Way	Ste 337
1200 W Algonquin Rd	Suite 249
5300 N Grand Blvd	#640
1425 W H St	Suite B559
13222 Bloomfield Ave	Ste 162
1767 Grant Ave	Ste 465
7520 Market Place Dr	#289
302 E 2nd Ave	Suite 431
1952 Pulaski Hwy	Suite 389
1708 NW Camellia Loop	Ste B421
148 East Ave	#22
44000 W 12 Mile Rd	Ste 353
900 W Clairemont Ave	Ste 516
819 Buena Vista St	Ste 130
1000 Obie St	Suite C345
6554 Royalton Rd	#402
350 Engle St	Suite 173
1110 Forrest Ave	Suite D262
16205 N Pennsylvania Ave	#B7
911 E Harwood Rd	Suite 99
428 NE 125th St	Ste 277
3571 Niagara Falls Blvd	Suite 602
2339 Hempstead Tpke	Ste 472
2210 N Veterans Blvd	#18
17 Myrtle Ave	#56
301 Riverview Ave	Ste 520
1905 W Ennis Ave	#A228
4000 Dublin Blvd	Suite 558
10 Members Way	#235
5400 S Biscayne Dr	Ste 247
501 W Northtown Rd	#19
4859 Dover Center Rd	Ste 96
21911 76th Ave	Suite 517
15765 State Route 170	Suite 633
11450 San Pablo Ave	Ste 158
20C Meacham Ave	Ste 665
1031 W High Ave	#302
1 Hoag Dr	Suite C424
4199 Jericho Tpke	Suite 349
22000 Marine View Dr	Suite 37
704 Thimble Shoals Blvd	Suite 375
1885 Bay Rd	Suite 423
534 E Pleasant Run Rd	Ste 474
43 Smith Rd	#379
5963 Exchange Dr	#C144
191 Patchogue Yaphank Rd	Ste 310
3770 W Robinson St	Suite B85
175 Shady Lane Dr	Ste C226
6675 Business Pkwy	#582
125 N Lincoln St	#C516
12523 Limonite Ave	Ste B285
3236 Santa Anita Ave	Ste 408
111 Salem Tpke	#B342
31 E Fornance St	Ste C227
2000 NW 87th Ave	Suite 214
5515 Peach St	#534
617 Stemmers Run Rd	#62
722 Austin St	Suite F402
1230 E Rusholme St	#168
54 Scott Adam Rd	Ste 563
3020 W Ann Rd	Ste B356
4801 S University Dr	#34
10569 Chambers Rd	Suite 508
568 W Central Ave	Suite B371
99 Northline Cir	Ste 455
225 E 2nd Ave	Ste 48
3994 W Hillsboro Blvd	Ste F422
4851 W Hillsboro Blvd	Ste 62
42 Coalpit Hill Rd	Ste 332
41 5th Ave	Ste 452
1723 Schaer St	Suite E551
1993 Deer Park Ave	#A222
1145 E Compton Blvd	#566
4155 Blackhawk Plaza Cir	Suite 350
7500 Porter Rd	Suite 477
150 Lockwood Ave	#538
266 Middle Country Rd	Ste C415
337 N Clyde Morris Blvd	#B621
239 W Us Highway 190	Suite 46
1311 Whitley Ave	Suite 110
1685 Newbridge Rd	#264
425 Centre St	Suite 57
5810 Coral Ridge Dr	Ste 28
5500 Auto Club Dr	#35
1512 Holleman Dr	Suite 436
2150 Northwoods Blvd	Suite C153
325B King St	#D322
1055 Park View Dr	#C131
914 S Scheuber Rd	Ste 149
11150 Resort Rd	Suite 413
465 S Washington St	Suite 493
793 W State St	#565
17700 SE 272nd St	Suite 349
1025 Islip Ave	Ste 139
450 Veterans Memorial Pkwy	Suite 337
6358 Edgemere Blvd	Suite 539
4301 Brown Trl	#118
769 Medical Center Ct	Suite B128
3756 Grand Ave	Suite 500
777 NW 9th St	Ste 344
7373 France Ave	#310
154 Commack Rd	#B156
2314 Auburn Ave	Suite 237
2263 Fairview Rd	Ste 621
2710 Dolbeer St	#545
17575 SW Tualatin Valley Hwy	Suite 164
181 E Brown St	Ste 583
125 E Broad St	#335
2429 Hickory Tree Rd	#569
8500 Florence Ave	Ste 206
2201 Main St	Suite 434
909 SW Oralabor Rd	Suite B415
5517 Doctors Dr	#C513
1800 E Wilcox Dr	Ste 615
8017 Glenview Dr	Suite 482
51339 National Rd	Ste 602
1154 E Main St	Ste 560
6150 Emerald St	Suite 182
6790 Perimeter Dr	Ste 441
11975 Morris Rd	#548
802 Mulberry St.	Ste 372
501 N Lansdowne Ave	#285
2418 W Indian Trl	#146
204 E Beach St	Suite 578
3213 Nazareth Rd	#293
1901 Town And Country Dr	#421
710 North Ave	Ste 552
1441 W State St	#219
821 Linden Ave	Ste 619
11201 W Huguenot Rd	Ste 566
2255 John F Kennedy Rd	Ste 386
3400 E La Palma Ave	Ste 49
2212 Mifflin Ave	Ste 115
2340 S River Rd	Ste 367
5708 Watt Ave	Ste 121
90 Washington St	Ste 382
277 N Altenhofen Dr	Suite E633
8101 Hinson Farm Rd	#109
4160 John R St	#221
9280 W Stockton Blvd	Ste D377
2110 Maple Ave	#A420
4988 State Highway 30	Ste 399
20627 Golden Springs Dr	Ste 369
66675 Pierson Blvd	Ste 153
3980 Limelight Ave	Ste 432
945 Bethesda Dr	#67
1709 Garden St	Ste 383
2401 Fm 646 Rd	#14
1215 Pleasant St	Suite 603
602 Ivy St	Suite 390
6600 E 2nd St	#281
12220 N Meridian St	#222
3000 N Interstate 35	Suite 190
4056 Franklin Tpke	Ste A574
9570 Us Highway 90	Ste B271
5810 Jameson Ct	Suite 636
850 Fair Oaks Ave	#128
1400 Jackson St	#559
55585 29 Palms Hwy	#469
22318 Ford Rd	Suite 71
10225 Austin Dr	Ste B430
42 Caroline St	Suite 264
13671 Georgia Ave	Ste 185
28240 Agoura Rd	#155
334 Samuel Dr	Ste 639
2707 E William St	Ste 527
2537 N Ontario St	Ste 578
9192 Ash St	#636
655 Saw Mill Rd	#379
5701 Katella Ave	#269
206 E 4th St	Ste B438
2224 S Broadway	#532
1365 Washington Ave	#539
65 Shenandoah Ave	Ste B313
7400 Golden Pond Pl	Suite 369
13895 Hedgewood Dr	#607
1901 S Bascom Ave	Ste 151
1921 Jesse Way	Ste B67
120 Route 109	Suite 86
600 W Cummings Park	#257
954 Anderson Dr	Ste 601
525 S Watson Rd	#B214
1124 S Main St	Suite 24
8303 Brimhall Road	Ste A140
600 Cooper Dr	#688
107 Lincoln St	Suite 241
400 Market Blvd	#147
8289 On The Mall	Suite A643
280 Mamaroneck Ave	Suite 232
11424 Chamberlaine Way	Ste 478
1600 11th St	Suite 363
2298 Pike Ct	#441
222 Main St	Ste 379
820 N Chelan Ave	Ste 272
215 W Bowery St	Suite 143
525 Bob Peters Grv	#C398
33353 Yucaipa Blvd	Suite 668
1000 E Mountain Dr	Suite 555
1815 W 6th Ave	Ste 665
301 Medic Ln	#333
1753 Fulton St	#414
596 Anderson Ave	Ste A495
18102 Irvine Blvd	Suite 539
1440 Southgate Ave	#B601
1576 Merritt Blvd	#411
895 Union St	Ste 550
1423 Magnolia Ave	Suite 644
3330 Masonic Dr	#C379
1321 W 2nd Ave	Ste B643
5005 Windplay Dr	#552
400 E 3rd St	#589
855 A Ave	Ste 166
638 W Duarte Rd	#B517
402 Main St	Ste 21
160 Homer Ave	Suite 338
4020 Raintree Rd	Suite B292
1968 Memorial Dr	#386
4725 William Flynn Hwy	Suite 393
77 N Airlite St	#C441
673 E Cooley Dr	Suite 293
12254 Branders Creek Dr	#315
12835 E Arapahoe Rd	Ste D593
3400 Mcclellan Blvd	Suite 503
3300 E Halifax Crossing Blvd	Suite 623
1 Hospital Dr	Suite C307
4437 State Route 159	Suite 265
7777 Greenback Ln	#34
5012 S Us Highway 75	#629
6304 Pebblebrook Trce	#220
1280 Boardman Canfield Rd	Suite 400
9250 Rumsey Rd	Suite 599
101 Manning Dr	Ste 399
6817 Finch Ct	#203
2910 Center St	Ste 249
1333 Taylor St	#B34
120 E State St	Suite C224
1601 Monte Vista Ave	Suite 470
2516 E Whitmore Ave	#55
171 Ashley Ave	#482
1411 Clark St	Suite C399
105 S Seguin Rd	Suite 637
1231 Candelaria Rd	#C189
2745 E. Belt Line Road	Ste 230
1022 Woodbury Ave	Ste 345
1375 Vista Ln	Ste 424
625 United Dr	#182
908 E Waterloo Rd	#267
5 Severance Cir	#200
21501 Avalon Blvd	#47
349 Penny Ln	Suite 497
2531 Landmark Dr	#420
154 Hindman Rd	#439
600 S Dobson Rd	Suite B377
5801 Allentown Rd	Suite 169
225 N Willow Ave	#300
1206 W Henderson St	Suite B413
20101 Lake Chabot Rd	Ste 444
95 Washington St	Ste 362
2373 64th St	#B466
69175 Ramon Rd	Suite 483
2720 Clare Ave	#194
4040 Coon Rapids Blvd	#451
101 S Eisenhower Dr	Ste 608
109 S Park Dr	Ste 29
701 W Main St	Ste 643
161 Riverside Dr	Ste C8
842 Clifton Ave	Suite 111
3272 Fortune Ct	#654
3400 Parkwood Dr	Suite 650
6971 El Camino Real	Ste 397
10403 Hospital Dr	#598
900 E Broadway Ave	Suite 396
77 Nelson St	#67
600 Harlem Rd	Suite A636
70 Cohansey St	Suite E426
1222 Jefferson Park Ave	#523
1932 Laurel Road	Suite 167
233 Broad St	#196
14318 Ohio St	Suite D59
5602 Baltimore National Pike	Ste 454
213 Gilbert St	Ste 349
2580 Highway 95	Suite 2
938 Oakfield Dr	Ste B64
2601 Robbins St	#C573
1301 Shoreway Rd	Suite 462
1359 Park Ave	Suite 89
3508 Flatlands Ave	#23
207 W Legion Rd	Ste 496
4600 Brambleton Ave	Suite 16
9300 Noble Pkwy N	#339
1425 Patton Ave	#526
6600 W Emerald St	Ste 369
4025 Hempstead Tpke	Ste B625
201 W Springfield Ave	Suite B231
145 S State College Blvd	#284
3104 Lord Baltimore Dr	Suite 698
1905 E Huebbe Pkwy	Suite C212
1000 Market St	Suite 613
606 Roosevelt Ave	#327
27400 Riverview Center Blvd	Ste 550
550 E Boughton Rd	Suite B273
5130 Salem Ave	Ste 591
1510 Rollins Rd	#15
234 Crooked Creek Pkwy	Suite 501
3786 SW Hall Blvd	Ste C639
8218 Garfield Ave	Ste 435
1624 S Church St	#449
18182 Us Highway 18	#664
65 Jefferson Ave	Ste 184
121 N San Vicente Blvd	#116
2412 Ring Rd	Suite 341
2300 N Dixie Hwy	#C38
26777 Agoura Rd	#150
410 5th Ave	Suite 537
725 NW State Route 7	Ste C462
2805 Dodd Rd	Ste C411
4265 Meridian St	Suite C141
1906 Fairview Ave	#515
2725 W State St	Suite 655
545 W Wheatland Rd	#F394
9230 Sky Island Dr	Ste 212
11721 Woodmore Rd	Ste 160
50 Wyoming Ave	Ste 478
304 Gallatin Park Drive	Ste C289
1604 Hospital Pkwy	#300
144 N L St	#180
687 E Empire Ave	#15
9908 E State Road	#D62
3000 S Elm Ave	Suite A120
620 W Macphail Rd	Suite 633
958 Collett Ave	#650
1300 S Gregg St	Ste 274
1 N Washington Ave	#565
197 Half Hollow Rd	#C623
801 SE Plaza Ave	Ste 616
1125 Atlantic Ave	Suite 281
945 Boardman Canfield Rd	#619
2702 8th Ave	Ste C251
601 Linton Blvd	Ste 396
4946 Florence Ave	#292
2450 Ashby Ave	Ste 123
2600 NE Neff Rd	Suite 572
1095 Washington St	Ste 17
913 S Main St	Ste 638
2500 Bellevue Medical Center Dr	Suite C17
9333 Rosecrans Ave	Suite 345
2151 Airline Dr	#B366
301 E Main St	#461
2350 N Stemmons Fwy	Suite 239
221 Business Park Way	Suite 515
19 E 27th St	#143
1504 N Thornton Ave	Suite 398
160 E N St	Suite E75
450 Avon Belden Rd	#239
2320 Moores Mill Rd	#B141
1480 Center Rd	Suite C108
157 Rickey Blvd	#B496
4647 2nd St	#193
20 Linden St	Ste 593
24701 La Plz	Ste 182
5233 Jones Creek Rd	Ste B135
420 E 13th St	Ste 305
627 S Edwin C Moses Blvd	#432
1300 114th Ave	#665
750 Reservoir Ave	Ste C320
1635 Aurora Ct	#F475
3725 S Cleveland Massillon Rd	Suite 531
6133 Bristol Pkwy	Ste 330
400 N Wayne Rd	Ste 248
3798 Janes Rd	Suite C270
798 Us Route 302	Ste B565
1655 Crofton Blvd	Suite 285
275 Graham Rd	#424
5935 7th St	Suite 585
17903 W Lake Houston Pkwy	Suite 104
18200 Yorba Linda Blvd	#621
2601 Cross Country Dr	Suite 332
801 Orange Ave	#494
1000 S Fremont Ave	Ste 133
242 King Ave	Ste 117
501 Rita Ln	Ste 323
2325 18th St	Suite 173
7101 S Padre Island Dr	#387
3300 Providence Dr	Suite 211
14655 Galaxie Ave	#394
536 Fairview Ave	Suite 505
17A Green St	#B474
7305 Baltimore Ave	#359
2001 N Gary Ave	Suite 360
1303 Mount Vernon Ave	#516
17580 Interstate 45 South Medical Outpatient Building  5th Floor	#578
2002 Medical Pkwy Sajak Pavilion	Ste A127
1775 Thompson Rd	Suite C66
9071 S 1300 W	#129
2730 Jackson Ave	Suite 310
13719 Lorain Ave	Suite 137
300 Waterview Pl	#47
8465 Old Redwood Hwy	#482
2401 Blueridge Ave	#184
605 S George St	#162
2775 Executive Park NW	Suite 482
13055 W Mcdowell Rd	Suite 314
264 N Pleasant St	#538
2 Park Ave	#80
14075 Hesperia Rd	Ste 260
655 S 7th Ave	Ste 97
1001 W 31st St	#454
134 Grapevine Rd	#536
7959 Telegraph Rd	#668
1753 W Ridgeway Ave	Ste G497
2589 Appling Rd	Suite 311
7510 Little River Tpke	Ste 584
1172 N Maclay Ave	Suite 297
700 S Stanfield Rd	#238
4501 Sand Creek Rd	Ste 378
5573 Gray St	#B203
1768 W Park Sq	Ste 153
15068 Moran St	#B267
499 Colliers Way	Suite 495
413 W Bethel Rd	Suite 336
22556 Amendola Ter	Suite 173
1120 Medical Center Dr	Suite 353
2491 Alluvial Ave	#179
1120 N Arlington Heights Rd	#188
571 Main St	#C649
14300 Orchard Pkwy	#B429
81 Highland Ave	Ste 369
2 Journey	#351
1806 W Lincoln Ave	Suite 252
49869 Calhoun St	#F444
8630 Fenton St	Suite E104
1626 W Highway 287 Business	Suite 359
2965 W 3500 S	Ste 604
419 Brooks St	Suite 663
6105 Wilson Ave	Suite 145
1038 E Chestnut Ave	Suite E580
1000 Montauk Hwy	Suite 373
26908 Detroit Rd	#680
1344 Middle Country Rd	#276
308 Fantail Ln	#29
31 Robinson Rd	Suite 425
75 Van Deene Ave	#535
36450 Inland Valley Dr	Suite 41
1025 Morehead Medical Dr	Ste 156
160 Robbins St	Ste 144
895 E Fremont Ave	Suite 104
1700 S Court St	#B247
950 E Alex Bell Rd	#414
642 Uptown Blvd	Ste 167
215 W Beamer St	Ste 505
120 S Halsted St	Ste 215
2550 Addison Ave	#440
3565 Del Amo Blvd	#B173
22616 Gateway Center Dr	#429
27343 Wesley Chapel Blvd	Suite 260
1037 S State Road	Suite 76
5301 Davis Ln	Suite B22
3363 Tremont Rd	#492
13357 South St	Ste 306
6501 Loisdale Ct	Suite 297
11931 Buchanan Trl E	Suite 644
2140 Grand Ave	Suite 407
980 Professional Park Dr	Ste B246
5261 Carrollton Pike	Suite A142
6609 W Greenfield Ave	#268
15101 East Fwy	#82
333 Londonderry Dr	Suite 616
1012 First Colonial Rd	Suite 17
3250 Gordonville Rd	#518
308 E San Jacinto Ave	Ste 617
204 Curtin St	#591
29345 SW Town Center Loop E	Suite 257
2875 Barn Rd	#293
1 South Prospect Street	Suite 126
1345 Rxr Plz Fl 13	Suite 550
2177 E Warner Rd	Suite 692
3914 Centreville Rd	Ste 225
595 5th Ave	#248
14050 Nicollet Ave	Ste 370
1113 Alta Ave	Suite 656
6800 Centennial Dr	Suite 45
30 Fox Chase	Suite B475
1450 Treat Blvd	Ste 103
52 Peck Rd	#116
2020 8th Ave	#323
601 Heber Ave	Ste 430
1828 E Florence Blvd	Ste 192
248 Hampshire Rd	#332
2486 N Ponderosa Dr	#56
253 Sagamore Pkwy W	Ste 270
700 N Pine St	#355
2721 Del Prado Blvd	Ste 434
808 N 5th Ave	Suite 129
4065 Center Rd	Suite 404
7029 Vista Dr	Suite 371
2605 Grand Ave	Suite 436
1935 E 19th St	#550
2410 Boonville Rd	#404
3431 Broadway St	Ste D609
75 3rd Ave	Suite 695
7499 Cerritos Ave	Ste 329
1615 W Big Beaver Rd	#663
13381 N 56th St	#D15
428 S Magnolia Ave	#359
2400 Balfour Rd	Ste B338
291 W Schrock Rd	Ste 422
14239 W Bell Rd	Suite 151
1710 Santa Fe Dr	#330
515 Wekiva Commons Cir	Ste 178
8900 SE 165th Mulberry Ln	#76
2054 S Green Rd	Suite 547
3780 Main St	Suite C458
9646 Garvey Ave	Ste 123
550 Pope Ave	#464
5001 Silver Hill Rd	Ste 91
26300 Woodward Ave	Suite 626
15 Rockdale St	Ste F272
855 Montauk Hwy	Ste 208
200 Silver St	#489
16655 Southwest Fwy	Suite 45
169 S Mount Vernon Ave	Suite 603
7556 Honeysuckle	#329
661 Mahoning Ave	Suite 337
2101 7th St	#143
12442 SW Scholls Ferry Rd	#677
657 Camino De Los Mares	Suite 388
975 Sereno Dr	Ste 412
7495 N University Dr	Suite E666
254 W Harvard Blvd	#209
126 Morgan St	Ste 114
6252 Mahoning Ave	Suite 548
630 N Graham St	#639
22895 Brambleton Plz	Ste B235
3964 Goodman Rd	Suite 475
208 Concourse Blvd	Ste 659
2151 S College Dr	Ste 502
3440 N Valdosta Rd	Ste 32
5710 Watauga Rd	Ste 409
27699 Jefferson Ave	Ste 221
9676 Las Tunas Dr	Suite 74
16761 Southpark Ctr	Suite 506
1000 Higbee Dr	#190
2101 Stone Blvd	Suite 590
280 Maple St	#119
1800 Fair Oaks Ave	Suite 29
8514 Hunter Creek Trl	#419
518 W Eaton Ave	Suite 685
12651 W Sunrise Blvd	#583
2719 Cinema Way	Suite 115
4868 Bridge Rd	Ste 160
120 Sister Pierre Dr	#335
603 Village Blvd	Ste 587
2235 Cleveland Rd	Suite G466
10705 Town Square Dr	#167
1821 Sherman Dr	#E653
9103 N Division St	Suite 99
1111 Jeanne Ct	Suite 440
1230 Lake Ave	#71
11015 Spring Hill Dr	Ste C105
14900 Interurban Ave	#399
767 S Sunset Ave	Ste 151
4931 Cordell Ave	Ste 60
2060 W 24th St	Ste 61
201 E 2nd St	Ste E483
530 NE Glen Oak Ave	Ste 14
289 S Shamokin St	Ste 510
6 Pidgeon Hill Dr	Suite 155
1780 W Mcdermott Dr	#285
3024 E Empire St	Suite 449
1062 N Cherry St	Ste B82
1215 Lee Ave	Ste 463
5000 Civic Center Dr	Ste 15
2950 Hobson Way	Suite 683
820 Saint Sebastian Way	#B151
243 E Blackstock Rd	Suite B19
1227 W Liberty St	Ste 194
318 Chestnut St	Ste 460
15920 S Rancho Sahuarita Blvd	Ste 276
9315 Telegraph Rd	Suite 309
344 Market St	Ste 499
110 Business Park Dr	#568
4421 Sun N Lake Blvd	Suite 456
40 Spring St	Ste 21
6815 Hilltop Rd	#B361
205 Main St	Suite C608
2500 7th Ave	Ste 661
901 Wilshire Blvd	#459
1 Quality Dr	Ste 109
1125 S 2nd Ave	Suite 283
1 Worlds Fair Dr	#19
10725 International Dr	#416
200 1st St	Suite 168
2330 Post St	#589
1600 Pacific Coast Hwy	#275
3019 Graham Rd	#580
375 Floral Ave	#C501
2310 N Cherry St	#C469
2312 W Main St	#186
4503 Texas Blvd	#624
502 E Monroe St	Ste D172
144 169th St	#B506
4575 Stephens Cir NW	#632
110 Southwood Lake Dr	#682
3110 Park Center Dr	#B505
140 W Valley Blvd	#558
9605 Sandifur Pkwy	#598
200 Porter Dr	#428
820 S Lincoln St	#97
2655 1st St	Suite 278
30668 Benton Rd	Ste 229
1861 N Rock Rd	Ste 220
425 Revere St	#267
15611 Pomerado Rd	#137
1156 Fremont Blvd	Suite 599
19223 Stonehue	#320
921 Eastview Dr	Ste 358
40 Lambert St	Suite 665
10452 Silverdale Way NW	Suite 19
1601 Trinity St	Ste 578
150 N Jackson Ave	Suite 171
26434 Lexington Rd	Suite B628
900 N Heritage Dr	#494
1610 Medical Dr	Suite 239
16043 1st Ave	Suite 200
1850 Town Center Pkwy	#E251
2210 Line Ave	Suite 541
513 Washington St	Ste 70
1265 Paterson Plank Rd	Suite 339
1812 Plaza Dr	Suite 486
5278 Lyngate Ct	#B436
3510 Brenbrook Dr	#519
1401 Dresden Dr	#602
12701 Telegraph Rd	Ste 535
2400 Lakeview Dr	#C48
9014 Garvey Ave	#350
161 Prospect St	#509
9977 Woods Dr	Suite 520
4500 SE Columbia Palisades Dr	Ste 174
501 Madison Ave	Suite 660
19823 Vista Hermosa Dr	Ste 493
444 W Union St	#473
1314 Peters Creek Rd	#419
2150 49th St	Ste 378
115 Hospital Dr	Ste 438
1107 S Main St	Suite 475
1107 W Poplar Ave	Suite 265
1400 Cambridge St	#B582
1051 Gause Blvd	Ste 176
910 Vista Blvd	Suite 22
600 Main St	#629
7543 Santa Monica Blvd	Suite 462
3795 W Boynton Beach Blvd	Suite 35
6613 49th St	Suite G482
1551 Shoup Ct	Suite 103
2912 Maple Wood Ave.	Ste 160
1851 N Riverside Ave	Suite 620
372 W Cypress Ave	#622
20745 N Scottsdale Rd	#380
1739 N 4th St	Suite A221
601 W 2nd St	#136
310 Interlocken Pkwy	Suite 530
433 W Channel Islands Blvd	Suite 136
11315 Pembrooke Sq	Ste 491
70 Jungermann Cir	Ste 261
1096 Ribaut Rd	Suite C230
2570 Jensen Ave	Ste B81
925 E Southlake Blvd	#120
159 Margaret St	Ste C456
42141 Mound Rd	Suite 672
8283 Grove Ave	Ste 139
4770 N Expressway 83	#535
8101 Ensign Rd	Suite 469
722 S Nebraska Ave	#538
1935 W Main St	Suite 69
2080 Warwick Ave	Suite 403
323 High St	#B480
301 Industrial Rd	Ste 73
1344 Wintergreen Ln NE	Ste 102
3850 S National Ave	#354
381 Pawtucket Ave	#225
1300 E 6th Ave	#447
3730 W 4700 S	Ste 687
2157 White Plains Rd	Suite B103
739 Irving Avenue	Suite 40
800 Delbon Ave	Suite 150
1347 E Court St	#28
3320 Executive Dr	Suite C351
1909 214th St	#221
3185 N Windsong Dr	Suite 73
278 Town Center Pkwy	Ste 258
851 E 6th St	Ste 520
939 S Wakefield St	Suite B105
101 Plain St	#316
19260 SW 65th Ave	#624
211 13th St	#363
50 Maple St	Suite B430
6 Hearthstone Ct	Suite E278
1646 W Chester Pike	Ste 367
128 E Milltown Rd	#B53
2902 17th St	Suite 24
1004 Winscott Rd	Ste 162
1100 W Franklin St	Suite 597
34055 Solon Rd	#525
1838 Greene Tree Rd	#531
1230 Whitehorse Mercerville Rd	Ste 262
7094 E Main St	#G434
541 S Sycamore St	Ste 660
1755 48th Street	Suite C365
6095 Barfield Road	Suite 256
5706 Rowlett Rd	Suite 377
200 Kienle Dr	Ste 612
43063 Peacock Market Plz	Suite 548
1832 Alpine Blvd	Ste 76
3823 172nd St	Suite C524
580 Rice St	#277
390 N 11th St	#C520
2510 E Hunt Hwy	Suite 37
3537 W Front St	Ste 354
150 W 800 N	#208
1035 W Ramsey St	#442
801 E St	Suite C30
7111 Magnolia Ave	Suite 237
1121 El Camino Real	Suite 553
20225 E 9 Mile Rd	#583
380 Civic Dr	#66
7328 44th St	Ste 90
809 University Blvd	Suite D145
3555 Loma Vista Rd	#36
631 North St	Ste 553
477 Southwick Rd	Suite 551
1005 W Ralph Hall Pkwy	Ste B487
6600 Paige Rd	Ste 359
243 Boyle Rd	#541
672 SW Prima Vista Blvd	Suite B528
221 3rd St	#406
3488 Depew Ave	Suite 624
529 Terry Reiley Way	Suite 393
2727 Buena Vista Dr	Ste 230
3520 Singing Hills Blvd	#311
120 Broadway	Ste 180
1 Saint Anthonys Way	#206
901 N Winstead Ave	Suite 498
225 E Beauregard Ave	Ste 573
7355 E Tanque Verde Rd	Ste 305
3849 Tweedy Blvd	#C258
45 Reade Pl	Suite 595
1908 Applewood Center Dr	#E457
5000 Schertz Pkwy	Ste 317
3377 Riverbend Dr	#639
1700 W Paradise Dr	Ste 692
2414 Kohler Memorial Dr	#490
7229 Us Highway 301 S	Ste 602
17251 Hesperian Blvd	Suite 316
1001 Sneath Ln	Suite B208
1046 6th Ave	#413
6400 Memorial Dr	Ste B450
27924 Seco Canyon Rd	Ste 488
2701 Old Eureka Way	Suite 671
1700 S Minnesota Ave	Ste 664
1708 E 44th St	#513
339 Cypress Pkwy	Ste 308
1212 S Bristol St	Ste 204
333 Borthwick Ave	#406
450 Clinton St	Ste 461
940 Northgate Dr	Ste 582
217 Phillip Morris Dr	Suite 610
475 Windridge Dr	Suite 476
570 E Leffel Ln	Suite 321
5520 S Macadam Ave	#395
1200 California St	#63
9 Cots St	Suite 261
1600 Rockland Rd	#452
6360 S 3000 E	Suite 79
3006 Campbell St	Suite 372
11444 S Redwood Rd	Ste 479
17810 Meeting House Rd	Suite 168
965 E 700 S	Suite 562
1919 W US Hwy	Ste 206
50 N Perry St	Ste 220
18900 Limestone Commercial Dr	Suite 329
7 Wells St	Suite 66
2100 Capitol Ave	Suite 527
1687 Woodlane Dr	#301
35238 Alder St	Suite 204
16001 W 9 Mile Rd	#167
601B Leah Ave	#339
3217 Stamford Rd	Suite 464
1285 Hembree Rd	#661
1201 N Rose Dr	Ste 455
100 Manetto Hill Rd	Suite 448
582 Concord Rd	Suite A187
902 Caroline St	Ste 39
5250 Highway 78	Suite E630
700 S 52nd St	#233
624 Mcclellan St	Suite B105
537 Stonecrest Pkwy	Suite C583
2000 Pine St	Ste B130
3400 Bee Ridge Rd	Suite 648
1613 N Hiatus Rd	#D225
35 Summer St	Suite 392
2520 B F Terry Blvd	Ste 59
1901 Westwood Center Blvd	#C272
351 N Sam Houston Blvd	#658
714 S Saginaw Blvd	Suite 300
1582 W San Marcos Blvd	Ste 510
399 W Campbell Rd	Suite 299
2023 Vale Rd	#148
21 Chestnut St	Suite 590
9720 S 1300 E W120	#D239
251 County Road	#157
25 Warren St	Suite 595
2652 El Camino Real	Ste 582
4504 N Laurent St	#585
229 W 7th St	Suite 197
250 S G St	#34
920 Lexington Green Ln	#494
2800 Campus Dr	Ste 586
508 Gibson Dr	Ste 598
1003 Saint Georges Ave	#255
2300 N Rockton Ave	Suite E362
14435C Big Basin Way	Suite 316
1721 Ebenezer Rd	Suite A330
563 Westfield Ave	#562
1551 Bishop St	#108
2 Stowe Rd	Ste 365
909 Garden Gate Circle	#B509
22620 SE 4th St.	Suite 234
1115 Lexington Ave	#49
1605 W 5th St	Suite 322
703 S Dixie Hwy	Ste 286
37 Bovet Rd	Suite 242
8036 Ocean View Ave	Ste 687
245 Barclay Cir	#528
1777 E Clark St	Suite 17
550 W Ranch View Dr	Ste 558
1711 27th St	Ste 689
1818 N Orange Grove Ave	Suite 227
1040 Weston Rd	Ste A568
4111 Barbara Loop SE	Suite B559
1800 Glenside Dr	Ste 573
400 W Pueblo St	#339
2100 Rowell Rd	Suite G226
10 Centennial Dr	Suite 99
851 Dunlawton Ave	#191
5 Grace Church St	Suite 165
333 Abbott St	Suite B264
1522 Janes Ave	#507
2050 Progress Way	Suite 299
27101 Schoenherr Rd	Suite 382
1205 SE Professional Mall Blvd	Suite 25
1111 Delafield St	Suite 408
4024 Brookhaven Ave	Ste 619
11 Overlook Rd	#B605
2680 N Il Route 83	Suite 147
340 Raleys Towne Ctr	Ste 588
4212 State Route 306	#674
4077 Elm Springs Rd	Suite 92
42 Main St	Ste 257
502 Torrance Blvd	#5
9800 4th Ave	#80
4040 S 188th St	Ste 449
3322 E Walnut St	#328
901 Heartland Rd	Suite 147
2603 Patterson Rd	Ste 635
760 Carpenter Ln	#B184
7912 E 31st Ct	Ste 149
245 Rochester Hill Rd	Suite 249
2900 Whipple Ave	Ste 555
4982 Hylan Blvd	Ste 683
2202 Sugar Sweet Ave	Suite C127
712 S Cage Blvd	#687
193 Fairview Ln	Ste 91
988 S Fair Oaks Ave	#B514
22316 Pontiac Trl	Suite 89
2121 Hughes Dr	#E246
1415 W Rosamond Blvd	Ste 414
1800 English Rd	#A421
228 60th St	Suite 609
703 Main St	Ste 219
1119 SW Gage Blvd	Ste 385
29409 S Western Ave	Ste 290
1010 Sunrise Hwy	Ste 391
4110 John F. Kennedy Blvd.	Suite 378
12904 94th Ave	Suite 357
2508 NW Medical Park Dr	Suite 387
8333 9th Ave	Ste 15
1007 Military St	Ste 661
70 E Sunrise Hwy	Suite 469
1850 E Park Ave	#436
7831 W Deer Valley Rd	Ste 488
875 Oak St	#162
25 E Schaumburg Rd	Suite 54
2505 W Hammer Ln	#392
21 Totman St	#102
5510 Fm 1464 Rd	Suite 197
2525 NE 139th St	#643
30212 Tomas	Suite 673
15200 Shady Grove Rd	Ste 662
84 Highland Ave	#486
20220 Farnsleigh Rd	#31
887 Congress St	#79
363 Vanadium Rd	#206
3555 National Dr	Ste 255
33077 Alvarado Niles Rd	#84
5222 Balboa Ave	Ste 364
275 Hobart St	Ste 592
6707 Sterling Ridge Dr	#266
9575 Ethan Wade Way SE	Suite 263
675 SW Rimrock Way	#62
526 Soquel Ave	Suite 225
1722 Desire Ave	Ste B384
160 Pennington Ave	Suite 18
8109 Ritchie Hwy	Suite 271
2311 Loveridge Rd	#423
212 Hospital Dr	Suite C532
300 N Highland Ave	#516
8301 161st Ave	#394
150 Dennis St	#B201
1255 W Arrow Hwy	#587
3105 Cedar Ravine Rd	Suite 212
350 N Pine Island Rd	Suite 64
159 Lynch Creek Way	Ste 119
2020 W Iles Ave	Suite B92
21772 S Ellsworth Loop Rd	Ste 248
9197 Grant St	Ste 63
2170 South Ave	Ste 66
2500 Merced St	Ste E373
5575 W Las Positas Blvd	Suite 32
501 Munzer St	Suite 357
10651 N Loop Dr	Ste 380
129 N Washington St	Suite 332
5009 Honeygo Center Dr	Ste 369
32312 Camino Capistrano	Suite 83
1617 N James St	#335
1601 Brigham Dr	Suite B660
301 N Harrison St	Suite B580
53 Main St	Suite 309
1812 N 13th Loop Rd	Suite D635
12680 Olive Blvd	#B466
22 N Franklin Blvd	Ste 110
2025 Galisteo St	Ste 339
5850 Ridge Rd	Suite 192
4159 Martha Berry Hwy	Suite 18
4011 Talbot Rd	#27
9468 Double R Blvd	#584
940 Hesters Crossing Rd	Ste 505
1030 Oak Ln	#343
1350 N Preston Rd	#395
19270 Highway 12	#233
9220 N Central Ave	Ste 70
1010 Refugee Rd	#691
99 Maple St	Ste 85
192 Elm St	#89
1260 Williams Way	Ste 434
114 Lake Ave	#447
5th St	Ste A
2nd St	Unit 26
4th St	Suite A
103 Maple St	Ste 89
191 Elm St	#88
201 Main St	Suite 1
100 Maple St	Ste 86
189 Elm St	#86
1st St	Ste 273
1st St	Ste 210
2nd St	Unit 228
6th St	#1A
2377 S 22nd Dr	Suite 652
3003 Tieton Dr	Suite 58
18637 Yorba Linda Blvd	#C36
2nd St	Unit 214
58457 29 Palms Hwy	Suite 228
3rd St	Suite 1A
900 Sahara Trl	#373
286 Main St	Suite 86
8th St	#34
9th St	Unit 233
1157 N Monroe Dr	Suite 85
1535 44th St	#94
7th St	Suite 210
11985 4th St	#433
288 Main St	Suite 88
7th St	Suite 234
188 Elm St	#85
100 N Ballard Ave	#A483
5th St	Ste A
289 Main St	Suite 89
4th St	Suite A
285 Main St	Suite 85
6th St	#1A
945 Bethesda Dr	Suite 643
190 Elm St	#87
101 Maple St	Ste 87
1110 Pennsylvania Ave STE 306	NULL
8th St	#221
5th St	Ste A
1 Larkin Plz	Ste 563
3951 Van Buren Blvd STE 355	NULL
80 Wyntre Brooke Dr	#B194
102 Maple St	Ste 88
1301 Medical Center Dr STE 503	NULL
2nd St	Unit 250
600 Broadway STE 12	NULL
284 Main St	Suite 84
5511 Hanley Rd STE 137	NULL
4700 W Sunset Blvd STE 131	NULL
92 Maple St	Ste 78
5471 Dr Martin Luther King Dr STE 168	NULL
660 Bannock St STE 446	NULL
1080 First Colonial Rd STE 382	NULL
6269 Beach Blvd STE 685	NULL
181 Elm St	#78
1421 Auburn Blvd STE 609	NULL
2417 Charlotte St STE 174	NULL
3262 Westchester Ave STE 299	NULL
270 Main St	Suite 70
9th St	Unit 220
8603 S Dixie Hwy STE 423	NULL
6640 Intech Blvd STE 426	NULL
450 Stanyan St STE 237	NULL
274 Main St	Suite 74
2404 McKinney Ave STE 498	NULL
11390 Montgomery Rd STE 516	NULL
7th St	Suite 43
281 Main St	Suite 81
3330 Cumberland Blvd STE 164	NULL
277 Main St	Suite 77
6160 N Cicero Ave STE 410	NULL
12129 Ranch Road STE 353	NULL
2868 S Osceola Ave STE 687	NULL
98 Maple St	Ste 84
80 Summer St STE 444	NULL
751 S Bascom Ave STE 348	NULL
630 S Exeter St STE 293	NULL
4614 E Shea Blvd STE 363	NULL
7th St	Suite 251
6th St	#1A
259 Main St	Suite 59
136 Elm St	#33
6246 S Redwood Rd STE 581	NULL
269 Main St	Suite 69
110 Maryland Ave STE 525	NULL
186 Elm St	#83
633 W Wisconsin Ave STE 538	NULL
3rd St	Suite 1A
20 Maple St	Ste 6
89 Maple St	Ste 75
8th St	#210
91 Maple St	Ste 77
112 Elm St	#9
88 Maple St	Ste 74
8660 W Cheyenne Ave STE 633	NULL
71 Maple St	Ste 57
275 Main St	Suite 75
183 Elm St	#80
23 Maple St	Ste 9
1st St	Ste 252
11100 Euclid Avenue STE 128	NULL
1st St	Ste 226
4th St	Suite A
209 Main St	Suite 9
81 Maple St	Ste 67
301 Grant St STE 155	NULL
9th St	Unit 211
3rd St	Suite 1A
268 Main St	Suite 68
174 Elm St	#71
82 Maple St	Ste 68
182 Elm St	#79
160 Elm St	#57
5th St	Ste A
83 Maple St	Ste 69
154 Elm St	#51
65 Maple St	Ste 51
22 Maple St	Ste 8
9th St	Unit 37
180 Elm St	#77
250 Main St	Suite 50
170 Elm St	#67
74 Maple St	Ste 60
273 Main St	Suite 73
95 Maple St	Ste 81
8th St	#253
243 Main St	Suite 43
163 Elm St	#60
207 Main St	Suite 7
249 Main St	Suite 49
272 Main St	Suite 72
143 Elm St	#40
66 Maple St	Ste 52
184 Elm St	#81
86 Maple St	Ste 72
3rd St	Suite 1A
261 Main St	Suite 61
292 Euclid Ave STE 446	NULL
166 Elm St	#63
150 Elm St	#47
161 Elm St	#58
70 Maple St	Ste 56
110 Elm St	#7
1603 W Lane Ave STE 173	NULL
251 Main St	Suite 51
243 Maple St	Ste 229
58 Maple St	Ste 44
1302 N Shepherd Dr STE 635	NULL
75 Maple St	Ste 61
6th St	#1A
2148 Green St STE 534	NULL
72 Maple St	Ste 58
169 Elm St	#66
51 Maple St	Ste 37
258 Maple St	Ste 244
257 Main St	Suite 57
2220 Riverside Ave STE 573	NULL
64 Maple St	Ste 50
205 Main St	Suite 5
73 Maple St	Ste 59
157 Elm St	#54
55 Maple St	Ste 41
159 Elm St	#56
151 Elm St	#48
2701 NW Vaughn St STE 369	NULL
53 Maple St	Ste 39
67 Maple St	Ste 53
4th St	Suite A
242 Main St	Suite 42
156 Elm St	#53
62 Maple St	Ste 48
60 Maple St	Ste 46
473 Main St	Suite 273
282 Main St	Suite 82
155 Elm St	#52
252 Main St	Suite 52
244 Main St	Suite 44
45 Maple St	Ste 31
57 Maple St	Ste 43
246 Main St	Suite 46
175 Elm St	#72
204 Main St	Suite 4
146 Elm St	#43
144 Elm St	#41
263 Main St	Suite 63
360 Elm St	#257
135 Elm St	#32
49 Maple St	Ste 35
247 Main St	Suite 47
235 Main St	Suite 35
248 Main St	Suite 48
185 Elm St	#82
228 Main St	Suite 28
276 Main St	Suite 76
278 Main St	Suite 78
283 Main St	Suite 83
90 Maple St	Ste 76
94 Maple St	Ste 80
14135 Ballantyne Corporate Pl STE 353	NULL
280 Main St	Suite 80
87 Maple St	Ste 73
22202 Bulverde Rd STE 636	NULL
1 Blackstone Pl STE 210	NULL
367 Elm St	#264
208 Main St	Suite 8
179 Elm St	#76
279 Main St	Suite 79
18 Maple St	Ste 4
21 Maple St	Ste 7
111 Elm St	#8
85 Maple St	Ste 71
61 Maple St	Ste 47
96 Maple St	Ste 82
97 Maple St	Ste 83
236 Main St	Suite 36
271 Main St	Suite 71
278 Maple St	Ste 264
93 Maple St	Ste 79
79 Maple St	Ste 65
238 Main St	Suite 38
226 Main St	Suite 26
464 Main St	Suite 264
454 Main St	Suite 254
77 Maple St	Ste 63
462 Main St	Suite 262
443 Main St	Suite 243
52 Maple St	Ste 38
48 Maple St	Ste 34
206 Main St	Suite 6
46 Maple St	Ste 32
268 Maple St	Ste 254
457 Main St	Suite 257
466 Main St	Suite 266
232 Main St	Suite 32
237 Main St	Suite 37
149 Elm St	#46
137 Elm St	#34
152 Elm St	#49
84 Maple St	Ste 70
371 Elm St	#268
109 Elm St	#6
176 Elm St	#73
69 Maple St	Ste 55
280 Maple St	Ste 266
63 Maple St	Ste 49
266 Main St	Suite 66
225 Main St	Suite 25
372 Elm St	#269
78 Maple St	Ste 64
438 Main St	Suite 238
461 Main St	Suite 261
259 Maple St	Ste 245
167 Elm St	#64
335 Elm St	#232
275 Maple St	Ste 261
249 Maple St	Ste 235
260 Main St	Suite 60
224 Main St	Suite 24
145 Elm St	#42
428 Main St	Suite 228
158 Elm St	#55
257 Maple St	Ste 243
38 Maple St	Ste 24
252 Maple St	Ste 238
234 Main St	Suite 34
254 Main St	Suite 54
50 Maple St	Ste 36
441 Main St	Suite 241
68 Maple St	Ste 54
56 Maple St	Ste 42
467 Main St	Suite 267
142 Elm St	#39
253 Main St	Suite 53
468 Main St	Suite 268
172 Elm St	#69
108 Elm St	#5
282 Maple St	Ste 268
424 Main St	Suite 224
80 Maple St	Ste 66
273 Maple St	Ste 259
422 Main St	Suite 222
262 Main St	Suite 62
416 Main St	Suite 216
147 Elm St	#44
171 Elm St	#68
277 Maple St	Ste 263
44 Maple St	Ste 30
419 Main St	Suite 219
164 Elm St	#61
409 Main St	Suite 209
47 Maple St	Ste 33
397 Main St	Suite 197
366 Elm St	#263
264 Main St	Suite 64
240 Main St	Suite 40
35 Maple St	Ste 21
227 Main St	Suite 27
364 Elm St	#261
392 Main St	Suite 192
76 Maple St	Ste 62
287 Maple St	Ste 273
54 Maple St	Ste 40
258 Main St	Suite 58
446 Main St	Suite 246
230 Main St	Suite 30
255 Main St	Suite 55
284 Maple St	Ste 270
451 Main St	Suite 251
241 Main St	Suite 41
59 Maple St	Ste 45
358 Elm St	#255
233 Main St	Suite 33
369 Elm St	#266
472 Main St	Suite 272
239 Main St	Suite 39
471 Main St	Suite 271
19 Maple St	Ste 5
458 Main St	Suite 258
131 Elm St	#28
463 Main St	Suite 263
470 Main St	Suite 270
229 Main St	Suite 29
374 Elm St	#271
281 Maple St	Ste 267
453 Main St	Suite 253
276 Maple St	Ste 262
286 Maple St	Ste 272
270 Maple St	Ste 256
456 Main St	Suite 256
359 Elm St	#256
460 Main St	Suite 260
104 Elm St	#1
365 Elm St	#262
368 Elm St	#265
260 Maple St	Ste 246
420 Main St	Suite 220
432 Main St	Suite 232
269 Maple St	Ste 255
41 Maple St	Ste 27
256 Maple St	Ste 242
445 Main St	Suite 245
356 Elm St	#253
40 Maple St	Ste 26
455 Main St	Suite 255
442 Main St	Suite 242
449 Main St	Suite 249
253 Maple St	Ste 239
338 Elm St	#235
106 Elm St	#3
43 Maple St	Ste 29
272 Maple St	Ste 258
236 Maple St	Ste 222
107 Elm St	#4
452 Main St	Suite 252
125 Elm St	#22
430 Main St	Suite 230
235 Maple St	Ste 221
132 Elm St	#29
431 Main St	Suite 231
128 Elm St	#25
237 Maple St	Ste 223
325 Elm St	#222
326 Elm St	#223
324 Elm St	#221
211 Maple St	Ste 197
388 Main St	Suite 188
341 Elm St	#238
231 Maple St	Ste 217
262 Maple St	Ste 248
316 Elm St	#213
351 Elm St	#248
251 Maple St	Ste 237
450 Main St	Suite 250
402 Main St	Suite 202
368 Main St	Suite 168
423 Main St	Suite 223
223 Maple St	Ste 209
440 Main St	Suite 240
386 Main St	Suite 186
469 Main St	Suite 269
277 Elm St	#174
42 Maple St	Ste 28
429 Main St	Suite 229
189 Maple St	Ste 175
433 Main St	Suite 233
283 Maple St	Ste 269
186 Maple St	Ste 172
247 Maple St	Ste 233
318 Elm St	#215
39 Maple St	Ste 25
375 Main St	Suite 175
130 Elm St	#27
418 Main St	Suite 218
32 Maple St	Ste 18
129 Elm St	#26
244 Maple St	Ste 230
246 Maple St	Ste 232
372 Main St	Suite 172
336 Elm St	#233
239 Maple St	Ste 225
250 Maple St	Ste 236
465 Main St	Suite 265
425 Main St	Suite 225
222 Main St	Suite 22
313 Elm St	#210
411 Main St	Suite 211
344 Elm St	#241
328 Elm St	#225
238 Maple St	Ste 224
285 Elm St	#182
224 Maple St	Ste 210
412 Main St	Suite 212
327 Elm St	#224
196 Maple St	Ste 182
264 Maple St	Ste 250
413 Main St	Suite 213
229 Maple St	Ste 215
321 Elm St	#218
220 Main St	Suite 20
353 Elm St	#250
183 Maple St	Ste 169
265 Maple St	Ste 251
343 Elm St	#240
201 Maple St	Ste 187
270 Elm St	#167
380 Main St	Suite 180
350 Elm St	#247
410 Main St	Suite 210
439 Main St	Suite 239
198 Maple St	Ste 184
405 Main St	Suite 205
354 Elm St	#251
228 Maple St	Ste 214
384 Main St	Suite 184
421 Main St	Suite 221
381 Main St	Suite 181
330 Elm St	#227
262 Elm St	#159
222 Maple St	Ste 208
323 Elm St	#220
281 Elm St	#178
414 Main St	Suite 214
448 Main St	Suite 248
434 Main St	Suite 234
248 Maple St	Ste 234
407 Main St	Suite 207
212 Maple St	Ste 198
126 Elm St	#23
226 Maple St	Ste 212
37 Maple St	Ste 23
404 Main St	Suite 204
234 Maple St	Ste 220
195 Maple St	Ste 181
427 Main St	Suite 227
437 Main St	Suite 237
417 Main St	Suite 217
214 Maple St	Ste 200
406 Main St	Suite 206
36 Maple St	Ste 22
223 Main St	Suite 23
317 Elm St	#214
408 Main St	Suite 208
415 Main St	Suite 215
426 Main St	Suite 226
194 Maple St	Ste 180
306 Elm St	#203
365 Main St	Suite 165
17 Maple St	Ste 3
357 Main St	Suite 157
311 Elm St	#208
312 Elm St	#209
233 Maple St	Ste 219
309 Elm St	#206
203 Main St	Suite 3
395 Main St	Suite 195
124 Elm St	#21
401 Main St	Suite 201
391 Main St	Suite 191
221 Maple St	Ste 207
278 Elm St	#175
351 Main St	Suite 151
220 Maple St	Ste 206
221 Main St	Suite 21
403 Main St	Suite 203
303 Elm St	#200
254 Elm St	#151
125 Maple St	Ste 111
199 Maple St	Ste 185
203 Maple St	Ste 189
279 Elm St	#176
215 Maple St	Ste 201
400 Main St	Suite 200
105 Elm St	#2
339 Main St	Suite 139
398 Main St	Suite 198
399 Main St	Suite 199
355 Main St	Suite 155
213 Maple St	Ste 199
305 Elm St	#202
282 Elm St	#179
335 Main St	Suite 135
283 Elm St	#180
218 Maple St	Ste 204
341 Main St	Suite 141
33 Maple St	Ste 19
217 Maple St	Ste 203
302 Elm St	#199
298 Elm St	#195
271 Elm St	#168
252 Elm St	#149
34 Maple St	Ste 20
338 Main St	Suite 138
383 Main St	Suite 183
385 Main St	Suite 185
301 Elm St	#198
210 Maple St	Ste 196
327 Main St	Suite 127
374 Main St	Suite 174
364 Main St	Suite 164
204 Maple St	Ste 190
179 Maple St	Ste 165
174 Maple St	Ste 160
389 Main St	Suite 189
209 Maple St	Ste 195
188 Maple St	Ste 174
182 Maple St	Ste 168
190 Maple St	Ste 176
149 Maple St	Ste 135
387 Main St	Suite 187
31 Maple St	Ste 17
120 Elm St	#17
331 Main St	Suite 131
326 Main St	Suite 126
379 Main St	Suite 179
376 Main St	Suite 176
373 Main St	Suite 173
369 Main St	Suite 169
30 Maple St	Ste 16
178 Maple St	Ste 164
121 Elm St	#18
171 Maple St	Ste 157
315 Main St	Suite 115
246 Elm St	#143
232 Elm St	#129
354 Main St	Suite 154
267 Elm St	#164
192 Maple St	Ste 178
216 Main St	Suite 16
217 Main St	Suite 17
371 Main St	Suite 171
366 Main St	Suite 166
224 Elm St	#121
184 Maple St	Ste 170
152 Maple St	Ste 138
141 Maple St	Ste 127
202 Maple St	Ste 188
377 Main St	Suite 177
169 Maple St	Ste 155
200 Maple St	Ste 186
180 Maple St	Ste 166
185 Maple St	Ste 171
16 Maple St	Ste 2
170 Maple St	Ste 156
207 Elm St	#104
393 Main St	Suite 193
370 Main St	Suite 170
211 Main St	Suite 11
26 Maple St	Ste 12
153 Maple St	Ste 139
122 Elm St	#19
108 Maple St	Ste 94
396 Main St	Suite 196
291 Main St	Suite 91
123 Maple St	Ste 109
176 Maple St	Ste 162
259 Elm St	#156
275 Elm St	#172
111 Maple St	Ste 97
274 Elm St	#171
269 Elm St	#166
218 Main St	Suite 18
297 Main St	Suite 97
219 Main St	Suite 19
197 Elm St	#94
296 Elm St	#193
311 Main St	Suite 111
187 Maple St	Ste 173
258 Elm St	#155
296 Main St	Suite 96
202 Main St	Suite 2
264 Elm St	#161
289 Elm St	#186
358 Main St	Suite 158
15 Maple St	Ste 1
353 Main St	Suite 153
260 Elm St	#157
110 Maple St	Ste 96
114 Elm St	#11
175 Maple St	Ste 161
337 Main St	Suite 137
286 Elm St	#183
382 Main St	Suite 182
256 Elm St	#153
156 Maple St	Ste 142
253 Elm St	#150
307 Main St	Suite 107
105 Maple St	Ste 91
293 Elm St	#190
352 Main St	Suite 152
349 Main St	Suite 149
163 Maple St	Ste 149
345 Main St	Suite 145
344 Main St	Suite 144
356 Main St	Suite 156
346 Main St	Suite 146
350 Main St	Suite 150
162 Maple St	Ste 148
117 Elm St	#14
243 Elm St	#140
172 Maple St	Ste 158
247 Elm St	#144
148 Maple St	Ste 134
237 Elm St	#134
164 Maple St	Ste 150
168 Maple St	Ste 154
342 Main St	Suite 142
363 Main St	Suite 163
343 Main St	Suite 143
117 Maple St	Ste 103
157 Maple St	Ste 143
118 Elm St	#15
332 Main St	Suite 132
28 Maple St	Ste 14
293 Main St	Suite 93
223 Elm St	#120
244 Elm St	#141
134 Maple St	Ste 120
348 Main St	Suite 148
242 Elm St	#139
154 Maple St	Ste 140
334 Main St	Suite 134
361 Main St	Suite 161
336 Main St	Suite 136
138 Maple St	Ste 124
142 Maple St	Ste 128
329 Main St	Suite 129
130 Maple St	Ste 116
367 Main St	Suite 167
136 Maple St	Ste 122
155 Maple St	Ste 141
135 Maple St	Ste 121
255 Elm St	#152
144 Maple St	Ste 130
173 Maple St	Ste 159
161 Maple St	Ste 147
214 Main St	Suite 14
211 Elm St	#108
333 Main St	Suite 133
362 Main St	Suite 162
325 Main St	Suite 125
222 Elm St	#119
132 Maple St	Ste 118
159 Maple St	Ste 145
212 Main St	Suite 12
119 Elm St	#16
330 Main St	Suite 130
181 Maple St	Ste 167
321 Main St	Suite 121
340 Main St	Suite 140
143 Maple St	Ste 129
201 Elm St	#98
119 Maple St	Ste 105
314 Main St	Suite 114
249 Elm St	#146
236 Elm St	#133
133 Maple St	Ste 119
226 Elm St	#123
215 Main St	Suite 15
215 Elm St	#112
122 Maple St	Ste 108
29 Maple St	Ste 15
214 Elm St	#111
309 Main St	Suite 109
239 Elm St	#136
324 Main St	Suite 124
300 Main St	Suite 100
150 Maple St	Ste 136
308 Main St	Suite 108
347 Main St	Suite 147
112 Maple St	Ste 98
128 Maple St	Ste 114
295 Main St	Suite 95
328 Main St	Suite 128
301 Main St	Suite 101
147 Maple St	Ste 133
305 Main St	Suite 105
225 Elm St	#122
313 Main St	Suite 113
27 Maple St	Ste 13
316 Main St	Suite 116
312 Main St	Suite 112
208 Elm St	#105
233 Elm St	#130
299 Main St	Suite 99
116 Elm St	#13
121 Maple St	Ste 107
248 Elm St	#145
213 Main St	Suite 13
107 Maple St	Ste 93
199 Elm St	#96
113 Maple St	Ste 99
320 Main St	Suite 120
113 Elm St	#10
220 Elm St	#117
25 Maple St	Ste 11
230 Elm St	#127
137 Maple St	Ste 123
303 Main St	Suite 103
234 Elm St	#131
131 Maple St	Ste 117
298 Main St	Suite 98
202 Elm St	#99
129 Maple St	Ste 115
216 Elm St	#113
145 Maple St	Ste 131
319 Main St	Suite 119
210 Elm St	#107
198 Elm St	#95
322 Main St	Suite 122
318 Main St	Suite 118
203 Elm St	#100
229 Elm St	#126
317 Main St	Suite 117
306 Main St	Suite 106
292 Main St	Suite 92
310 Main St	Suite 110
114 Maple St	Ste 100
127 Maple St	Ste 113
140 Maple St	Ste 126
120 Maple St	Ste 106
323 Main St	Suite 123
304 Main St	Suite 104
302 Main St	Suite 102
118 Maple St	Ste 104
193 Elm St	#90
290 Main St	Suite 90
104 Maple St	Ste 90
24 Maple St	Ste 10
294 Main St	Suite 94
106 Maple St	Ste 92
210 Main St	Suite 10
126 Maple St	Ste 112
9th St	Unit 205
1st St	Ste 83
2nd St	Unit 204
7th St	Suite 205
1st St	Ste 209
2nd St	Unit 208
1st St	Ste 206
2nd St	Unit 207
2nd St	Unit 21
2nd St	Unit 205
8th St	#79
2nd St	Unit 206
1st St	Ste 81
8th St	#208
9th St	Unit 26
9th St	Unit 208
7th St	Suite 76
1st St	Ste 82
1st St	Ste 76
8th St	#209
8th St	#82
1st St	Ste 72
9th St	Unit 209
7th St	Suite 81
8th St	#72
2nd St	Unit 74
8th St	#206
7th St	Suite 75
1st St	Ste 78
7th St	Suite 204
1st St	Ste 69
9th St	Unit 78
9th St	Unit 34
2nd St	Unit 76
2nd St	Unit 41
1st St	Ste 66
1st St	Ste 205
7th St	Suite 260
9th St	Unit 63
2nd St	Unit 72
8th St	#205
7th St	Suite 208
7th St	Suite 67
1st St	Ste 204
7th St	Suite 80
9th St	Unit 80
1st St	Ste 67
1st St	Ste 63
2nd St	Unit 78
7th St	Suite 65
2nd St	Unit 67
7th St	Suite 64
2nd St	Unit 62
8th St	#65
1st St	Ste 71
7th St	Suite 63
1st St	Ste 9
9th St	Unit 8
9th St	Unit 59
2nd St	Unit 79
9th St	Unit 54
1st St	Ste 52
8th St	#7
8th St	#52
2nd St	Unit 44
2nd St	Unit 43
2nd St	Unit 60
8th St	#36
9th St	Unit 60
2nd St	Unit 233
2nd St	Unit 54
1st St	Ste 5
8th St	#55
9th St	Unit 268
8th St	#51
7th St	Suite 7
2nd St	Unit 42
7th St	Suite 5
7th St	Suite 39
9th St	Unit 38
8th St	#49
7th St	Suite 38
2nd St	Unit 37
2nd St	Unit 40
1st St	Ste 38
2nd St	Unit 45
2nd St	Unit 39
9th St	Unit 49
1st St	Ste 29
2nd St	Unit 34
2nd St	Unit 35
2nd St	Unit 36
7th St	Suite 28
2nd St	Unit 255
7th St	Suite 32
8th St	#250
2nd St	Unit 253
8th St	#257
9th St	Unit 262
2nd St	Unit 251
1st St	Ste 267
8th St	#236
2nd St	Unit 245
9th St	Unit 261
9th St	Unit 238
8th St	#260
1st St	Ste 272
2nd St	Unit 247
8th St	#231
1st St	Ste 244
7th St	Suite 27
9th St	Unit 264
9th St	Unit 260
1st St	Ste 223
2nd St	Unit 258
7th St	Suite 218
7th St	Suite 271
8th St	#24
8th St	#258
1st St	Ste 265
1st St	Ste 268
1st St	Ste 218
7th St	Suite 215
9th St	Unit 252
9th St	Unit 24
1st St	Ste 250
1st St	Ste 251
9th St	Unit 257
1st St	Ste 248
8th St	#268
7th St	Suite 240
2nd St	Unit 266
7th St	Suite 238
1st St	Ste 254
1st St	Ste 240
1st St	Ste 39
1st St	Ste 245
9th St	Unit 243
8th St	#39
9th St	Unit 248
1st St	Ste 41
1st St	Ste 230
7th St	Suite 239
2nd St	Unit 25
9th St	Unit 249
7th St	Suite 24
9th St	Unit 236
9th St	Unit 245
8th St	#230
8th St	#240
1st St	Ste 235
8th St	#235
9th St	Unit 212
9th St	Unit 242
1st St	Ste 88
2nd St	Unit 215
1st St	Ste 222
2nd St	Unit 211
1st St	Ste 212
8th St	#237
7th St	Suite 221
1st St	Ste 216
2nd St	Unit 227
2nd St	Unit 210
8th St	#213
9th St	Unit 210
9th St	Unit 196
2nd St	Unit 212
8th St	#184
9th St	Unit 203
2nd St	Unit 203
1st St	Ste 220
2nd St	Unit 225
7th St	Suite 23
7th St	Suite 212
8th St	#220
8th St	#18
9th St	Unit 197
9th St	Unit 191
7th St	Suite 211
9th St	Unit 202
2nd St	Unit 213
7th St	Suite 21
1st St	Ste 211
7th St	Suite 199
8th St	#222
2nd St	Unit 216
9th St	Unit 89
7th St	Suite 178
1st St	Ste 18
1st St	Ste 21
2nd St	Unit 249
9th St	Unit 179
8th St	#190
2nd St	Unit 242
8th St	#86
2nd St	Unit 198
1st St	Ste 164
9th St	Unit 184
2nd St	Unit 20
8th St	#256
2nd St	Unit 187
9th St	Unit 255
8th St	#201
9th St	Unit 158
1st St	Ste 193
9th St	Unit 3
8th St	#241
7th St	Suite 231
2nd St	Unit 18
8th St	#200
7th St	Suite 241
9th St	Unit 180
2nd St	Unit 177
9th St	Unit 177
9th St	Unit 226
1st St	Ste 231
1st St	Ste 196
9th St	Unit 198
1st St	Ste 233
2nd St	Unit 223
8th St	#194
7th St	Suite 196
7th St	Suite 227
2nd St	Unit 178
9th St	Unit 234
1st St	Ste 189
1st St	Ste 90
1st St	Ste 227
9th St	Unit 22
1st St	Ste 217
2nd St	Unit 9
1st St	Ste 180
1st St	Ste 169
8th St	#217
1st St	Ste 3
9th St	Unit 187
1st St	Ste 175
1st St	Ste 168
9th St	Unit 173
7th St	Suite 160
2nd St	Unit 22
9th St	Unit 178
7th St	Suite 195
8th St	#22
1st St	Ste 174
8th St	#178
2nd St	Unit 160
2nd St	Unit 86
7th St	Suite 176
8th St	#153
8th St	#169
1st St	Ste 147
2nd St	Unit 167
2nd St	Unit 200
2nd St	Unit 158
8th St	#157
1st St	Ste 13
2nd St	Unit 201
7th St	Suite 167
2nd St	Unit 163
7th St	Suite 168
8th St	#147
9th St	Unit 152
2nd St	Unit 11
9th St	Unit 147
1st St	Ste 135
2nd St	Unit 151
7th St	Suite 149
8th St	#141
2nd St	Unit 15
2nd St	Unit 136
7th St	Suite 148
1st St	Ste 15
9th St	Unit 162
9th St	Unit 141
1st St	Ste 141
8th St	#149
2nd St	Unit 144
7th St	Suite 131
2nd St	Unit 122
7th St	Suite 135
7th St	Suite 137
1st St	Ste 131
7th St	Suite 191
7th St	Suite 115
9th St	Unit 122
8th St	#98
8th St	#146
9th St	Unit 125
1st St	Ste 115
7th St	Suite 128
1st St	Ste 110
8th St	#131
1st St	Ste 121
9th St	Unit 131
1st St	Ste 128
2nd St	Unit 113
1st St	Ste 139
9th St	Unit 129
8th St	#112
7th St	Suite 145
2nd St	Unit 135
9th St	Unit 185
8th St	#109
9th St	Unit 139
2nd St	Unit 145
1st St	Ste 132
8th St	#111
2nd St	Unit 128
1st St	Ste 176
9th St	Unit 12
8th St	#138
1st St	Ste 140
9th St	Unit 109
7th St	Suite 140
1st St	Ste 142
1st St	Ste 137
1st St	Ste 179
8th St	#137
8th St	#133
7th St	Suite 114
9th St	Unit 172
8th St	#93
1st St	Ste 129
1st St	Ste 125
8th St	#129
9th St	Unit 98
7th St	Suite 118
1st St	Ste 123
9th St	Unit 151
9th St	Unit 11
7th St	Suite 113
8th St	#126
7th St	Suite 125
7th St	Suite 166
1st St	Ste 105
2nd St	Unit 94
8th St	#10
1st St	Ste 157
8th St	#113
8th St	#127
9th St	Unit 113
7th St	Suite 157
2nd St	Unit 103
2nd St	Unit 111
7th St	Suite 15
1st St	Ste 12
8th St	#107
1st St	Ste 160
2nd St	Unit 101
8th St	#99
7th St	Suite 17
9th St	Unit 130
2nd St	Unit 108
9th St	Unit 133
1st St	Ste 96
8th St	#160
7th St	Suite 108
2nd St	Unit 95
8th St	#91
8th St	#94
805 W La Veta Ave	#493
100 SE 29th St	#B24
2 Sears Dr	#439
514 N Coast Hwy	Suite 193
32 W Gore St	Ste 580
3895 Harrison Blvd	#357
8750 SW 144th St	Suite 458
13500 Circle Dr	Suite 85
10 E Irving Ave	#C156
2983 Long Beach Rd	#281
6030 W University Blvd	Suite F410
1940 Feather River Blvd	Suite 234
7015 College Blvd	Suite 221
11511 S Sunset Dr	Suite B160
9490 Madison Ave	Ste 643
80 Eureka Sq	#B508
300 State Route 104	Suite B26
1371 S State St	#330
133 Marion Oaks Blvd	Ste 289
3370 Burns Rd	#570
318 E Princeton St	#544
1100 W Gonzales Rd	Suite 329
1132 Annapolis Rd	#243
2202 State Ave	Ste C6
1751 N Sunrise Way	#195
1620 Cooper Point Rd	Ste 545
8343 S 168th Ave	Suite 449
17 Brinkerhoff Ter	Suite 368
105 Sugar Camp Cir	Suite 5
1425 Malabar Rd	Ste B380
38420 5th St	Suite 633
921 Wayne St	Suite E200
49 Wells Ave	#464
15942 Colorado Ave	Ste 249
4440 W 95th St	Ste 359
10 N Locust St	Ste 197
10515 N Oracle Rd	Ste C95
18109 Prince Philip Dr	Ste C612
700 Molalla Ave	Suite 185
6957 North Ave	Suite 656
1219 SW 4th Ave	#596
1600 Breckenridge St	Ste 379
36456 Us Highway 19 N	Ste 302
10902 Reisterstown Rd	#635
2702 Navarre Ave	Ste C488
355 W Northwest Hwy	Ste C638
870 NE Loop 286	#300
2031 Dream Catcher Plz	Suite 153
73211 Fred Waring Dr	Suite 562
8th St	#142
7th St	Suite 202
2nd St	Unit 143
9th St	Unit 154
9th St	Unit 153
7th St	Suite 150
2nd St	Unit 129
8th St	#203
9th St	Unit 21
1st St	Ste 148
1st St	Ste 153
8th St	#151
2nd St	Unit 192
2nd St	Unit 195
1st St	Ste 194
7th St	Suite 198
1st St	Ste 144
9th St	Unit 189
1st St	Ste 198
7th St	Suite 153
1st St	Ste 191
8th St	#191
8th St	#188
7th St	Suite 189
2nd St	Unit 188
7th St	Suite 194
7th St	Suite 190
7th St	Suite 174
9th St	Unit 186
2nd St	Unit 189
8th St	#193
1st St	Ste 177
2nd St	Unit 185
7th St	Suite 186
9th St	Unit 183
1st St	Ste 186
7th St	Suite 159
2nd St	Unit 181
1st St	Ste 181
8th St	#15
2nd St	Unit 19
2nd St	Unit 153
9th St	Unit 19
7th St	Suite 184
8th St	#150
1st St	Ste 151
1st St	Ste 150
1st St	Ste 184
7th St	Suite 3
8th St	#140
9th St	Unit 176
1st St	Ste 165
1st St	Ste 167
9th St	Unit 165
2nd St	Unit 173
2nd St	Unit 137
2nd St	Unit 166
1st St	Ste 163
7th St	Suite 171
2nd St	Unit 161
1st St	Ste 171
8th St	#139
8th St	#17
1st St	Ste 158
1st St	Ste 16
1st St	Ste 156
7th St	Suite 134
1st St	Ste 154
9th St	Unit 148
7th St	Suite 143
2nd St	Unit 152
1st St	Ste 152
7th St	Suite 152
2nd St	Unit 149
1st St	Ste 126
7th St	Suite 146
7th St	Suite 117
9th St	Unit 145
2nd St	Unit 121
2nd St	Unit 133
7th St	Suite 139
1st St	Ste 127
9th St	Unit 117
2nd St	Unit 123
2nd St	Unit 90
1st St	Ste 117
7th St	Suite 13
7th St	Suite 11
9th St	Unit 119
37838 2nd St	#86
8th St	#89
2nd St	Unit 104
7th St	Suite 110
400 Sentara Cir	Ste 389
11915 Georgia Ave	#621
7th St	Suite 111
1st St	Ste 104
165 Coleman Ave	Suite B332
2nd St	Unit 125
2nd St	Unit 12
140 Southampton Rd	#128
2134 Old Middlefield Way	Suite 280
590 Westfield Ave	#466
7008 Security Blvd	Suite 626
1st St	Ste 92
8465 Old Redwood Hwy	Ste 219
8th St	#110
2nd St	Unit 96
1425 S Glenburnie Rd	Suite B237
1st St	Ste 107
8th St	#103
501A W Montauk Hwy	#303
9th St	Unit 90
1st St	Ste 120
2701-B Kent Avenue	#139
2nd St	Unit 107
850 S Atlantic Blvd	#B541
1501 Wabash St	Suite D488
9th St	Unit 102
8th St	#90
1st St	Ste 98
2nd St	Unit 97
6 Larch Ave	Suite 235
541 Main St	Suite 572
9th St	Unit 115
8th St	#97
1740 Cleveland Rd	#400
23625 Holman Hwy	#403
1751 S Naperville Rd	Suite 513
7th St	Suite 95
24360 Van Ry Blvd	Suite 202
1200 High St	Ste 660
2nd St	Unit 100
5801 Argerian Dr	Ste 513
329 N Cameron St	Ste A159
21 Commerce Ct	Ste 369
2nd St	Unit 127
2109 Westminster Mall	Suite 406
511 Gaslight Blvd	Suite 93
8035 Highway 6	#99
23 Robert Pitt Dr	Ste A184
1755 59th Pl	#75
660 E Calaveras Blvd	Ste 158
1685 W 2200 S	Ste 480
337 N Main St	#275
764 Pine St	#170
1st St	Ste 95
930 Eastwind Dr	#110
229 E Beverly Blvd	#375
2168 Diamond Hill Rd	Ste 531
500 Shepherds Dr	Ste C142
821 Morton St	#236
801 S 70th St	#C342
1999 Springbrook Square Dr	Suite C383
1 Mount Auburn St	Ste 327
120 NE Saint Lukes Blvd	Suite 335
182 Lyons Ave	#176
545 Creekside Xing	#241
14300 Orchard Pkwy	Suite 562
501 E Main St	Suite C497
3025 W Cherry Ln	#62
1915 Holton Rd	Ste 172
1000 Trancas St	Suite 586
20 Hicksville Rd	Suite 570
78 Capital Dr	#443
312 Fairy Street	#246
117 Main Street	Ste 107
4610 Country Club Rd	Suite 419
4500 Medical Center Dr	Suite C254
4001 Carrick Dr	#232
7th St	Suite 98
107 W 4th St	#477
14601 S Bascom Ave	Suite 272
800 E Business Center Dr	Suite 397
32300 Teton Ln	Ste 462
1364 Martin Blvd	Ste 566
911 Medical Cir	Suite 616
410 Park Ave	#B237
2735 Highway 190	Suite 583
514 Cypress Gardens Blvd	Suite 603
1700 N Highway 77	Suite 87
1290 Weston Rd	#112
650 Pine Ave	Ste 373
701 S Loop Cir	#542
1025 Veterans Memorial Hwy	Ste 110
2112 Cherry Valley Rd	Suite 152
301 Interstate Park Dr	Suite C596
831 E Huntington Dr	Suite 180
116 Olds Station Rd	Suite 624
2707 E Valley Blvd	#277
9020 E Reno Ave	Ste 231
7901 Santa Monica Blvd	#B543
4011 Orchard Dr	Ste 163
300 S College Ave	#161
19110 Montgomery Village Ave	Ste 83
4440 E Main St	Suite 445
469 Centerville Rd	Suite B85
5 Mobile Infirmary Cir	#A297
101 Marshall Ave	Suite 590
213 E Butler Rd	Ste 57
305 Church St	Ste 642
726 4th St	#164
9635 Monte Vista Ave	Ste 326
515 E Pike Blvd	#296
1st St	Ste 112
2743 Highland Ave	Suite 275
11911 NE 132nd St	#C96
5300 Bergenline Ave	Suite 438
14722 Hawthorne Blvd	Suite B605
9th St	Unit 104
4279 Tierra Rejada Rd	Ste 474
2203 Veterans Hwy	Suite 576
7th St	Suite 12
1040 7th St	Ste 468
2705 Mountain View Dr	Suite 121
420 N Center St	Ste B170
6125 Green Bay Rd	Suite C401
3630 E Imperial Hwy	#543
3415 N Loop 250 W Bldg 4	Suite 227
420 West 4th Street	#144
501 Oak Ave	Ste B378
2010 W. Eau Gallie Blvd.	#213
65 Aspen Way	Ste 338
1399 Jerusalem Ave	Ste 344
440 E Marshall St	Suite 554
1710 Barton Rd	Suite 633
1 Centurian Dr	#80
1300 Crane St	Suite 631
24640 Jefferson Ave	#219
1350 N 500 E	Ste B554
964 Carpenter Rd	Ste D340
6862 Elm St	Ste 457
511 W Fm 544	#396
852 Commerce Ave	Suite B458
21 Bloomingdale Rd	#269
18600 Lyndon B Johnson Fwy	#589
3821 Falmouth Rd	#B93
710 E Anderson St	Ste 229
10910 Spencer Hwy	#144
1710 Highway 287 N	Ste 205
47 Kentucky St	Ste 594
3345 Potomac Way	Suite 381
12730 Heacock St	#436
751 NE Blakely Dr	#581
2000 Hospital Dr	#B504
855 Manhattan Beach Blvd	#C260
8910 Vernon Rd	Suite B572
3905 Vanesta Dr	Ste 210
564 W Broad St	#557
1324 N Sheridan Rd	Suite 483
1160 Kepler Dr	#166
3155 De Forest Rd	#209
18068 Coastal Hwy	Ste 512
2008 Willamette Falls Dr	#581
35184 Central City Pkwy	#616
114A Memorial Dr	#587
5953 Atlantic Blvd	Suite D374
4729 County Road	#C252
1400 Hal Greer Blvd	#408
435 S Water St	Ste 59
15609 Ronald W Reagan Blvd	Suite B233
1134 Murrieta Blvd	Suite B284
1800 S Columbia Rd	Ste 494
1 Monongahela St	#532
1100 Grampian Blvd	#450
3169 M St	#152
2009 E Griffin Pkwy	Ste 19
930 N Wood Ave	Ste 171
1310B Paluxy Rd	#285
811 S Washington Ave	Ste 122
126 E 49th St	#C521
12541 Casper St	Ste 133
10755 Falls Rd	Ste 85
842 Altos Oaks Dr	Ste 544
27800 Medical Center Rd	Ste 4
222 E Ridge Rd	#B410
830 W Southern Ave	#385
95 Summit Ave	#262
12220 Miramar Pkwy	Ste A161
1280 E Almond Ave	Suite 500
1001 E Osceola Pkwy	#C609
1073 Harding Memorial Pkwy	#33
2301 Holmes St	#86
2504 N Webb Rd	#253
1630 23rd Ave	Ste B82
4811 Ambassador Caffery Pkwy	Suite 361
1025 Marsh St	Suite 331
308 N 6th Ave	#B78
52 Cedar Swamp Rd	Suite 620
512 Main St	Ste 239
510 SW Ramsey Ave	Suite 384
9121 Sam Furr Rd	#454
201 Enterprise Ave	Ste 537
2086 Newpark Mall	#15
25 Marston St	Ste 664
15111 Whittier Blvd	Suite 543
206 Bergen Ave	Suite 55
200 Heartcenter Ln	Ste 299
9313 S Mason Montgomery Rd	Ste C589
2106 Oxford St	Ste 384
1120 W I St	Ste 559
1365 Kelso Rd	Suite 395
105b W Main St	Suite 507
11603 State Ave	#551
1805 Arnold Dr	#B290
601 Portion Rd	#620
1130 W 4th St	#C463
103 Garland St	Suite B309
9825 Hospital Dr	#91
2832 Coleman Rd	Suite 80
1008 Mariners Cv	Ste 34
22720 Morton Ranch Rd	Suite 157
1720 Fm 544	#655
875 Hospital Rd	Ste 69
20200 54th Ave	#80
7390 W Alameda Ave	Ste C52
1515 Lake Lansing Rd	#123
1832 B St	Ste 83
1205 E North St	#B649
910 Route 109	Ste 643
9736 SW 24th St	Ste A316
6495 New Hampshire Ave	Ste 523
254 Easton Ave	#485
3103 Mc Clelland Blvd	Ste B606
340 Maple St	Suite B520
3901 Rainbow Blvd	#B399
920 W Market St	Ste 143
809 Good Homes Rd	Ste C101
2212 Los Lentes Rd	Ste 8
15134 Levan Rd	#451
1540 Washington Ave	#626
905 Hanshaw Rd	#193
201 W Liberty Way	#312
1310 Corporate Drive	Ste 69
810 E D St	Ste C401
5525 Del Amo Blvd	Ste 30
894 Palm Ave	Suite B14
332 Harrison Ave	Ste 566
8th St	#104
11302 Preston Hwy	Suite A465
17325 NW 27th Ave	Suite B344
829 N Dixon Rd	Suite 514
245 Orange Ave	Ste C250
47647 Caleo Bay Dr	#B171
29798 Haun Rd	#B385
3186 S Maryland Pkwy	Suite A503
13233 Executive Park Ter	Ste 368
12 High St	Ste 336
10058 Wolf Rd	Suite 418
1st St	Ste 100
2835 Miami Village Dr	#C585
5 Capital Dr	Suite 556
1038 Research Blvd	#386
125 18th St	#541
8881 Fletcher Pkwy	Ste A592
2438 Monarch Dr	#289
9th St	Unit 106
20795 Keokuk Ave	#644
1019 Majestic Dr	Ste A609
1016 N Hacienda Blvd	Ste 188
500 London Ave	Suite 305
255 Thalia Street	Suite 243
9300 Campus Point Dr	#608
990a Belvedere Dr	Suite 470
4601 Military Trl	Ste 18
400 Highland Ave	Suite 607
1015 12th Ave	#C245
675 N 5th St	#562
301 Post Office St	#357
10039 Vine St	Ste 251
8671 S Quebec St	Suite 545
132 Chemawa Rd N	Ste 405
214 Fox Hill Rd	#C319
16702 Valley View Ave	Ste 430
135 Bunton Creek Rd	#B118
8846 S Redwood Rd	Ste 106
347 E Parkwood Ave	Suite 288
2094 W La Habra Blvd	#C186
105 Marys Ave	#67
2033 Meadowview Ln	Ste 277
1420 Water St	Ste 193
10 Alice Peck Day Dr	Ste 16
334 W Prien Lake Rd	#204
600 W Manchester Ave	Ste D92
6201 Annapolis Rd	#441
150 Old Laramie Trl	Suite 5
120 Valley Green Ln	#288
7330 Indianapolis Blvd	#596
425 Washington St	Ste 652
338 E Tamarack Ave	Ste 416
11320 E Truman Rd	#147
8550 Marshall Dr	#B53
23653 El Toro Rd	#B665
2403 Loy Dr	#158
62 Brown St	Ste 231
51 Glasgow Ave	Suite 41
211 E Sunset Dr	Suite 400
425 Diamond Dr	Ste B58
3243 E Murdock St	#160
16 Pearl St	#161
1321 Cottonwood St	Ste 83
333 Madison St	#B259
201 Security St	Suite D619
156 Carriage House Dr	Suite 577
540 Union Blvd	Suite 381
714 Elizabethtown Rd	Suite B350
42570 S Airport Rd	Ste 482
810 Sharon Dr	#73
8701 Troy Pike	Ste 558
36485 Inland Valley Dr	#E308
101 Fairview Cir	Ste 293
510 E Caesar Ave	Ste 462
2121 North Ave	Suite 153
1211 Echelon Pl	Suite C371
235 Tennant Sta	Ste 353
651 Colliers Way	Ste 181
5633 N Lidgerwood St	Ste 130
305 Indian Lake Blvd	Ste 92
114 Riverside Dr	Suite B277
7415 80th Pl SE	Suite 566
909 Enterprise Dr	Ste 622
3700 Williams Blvd	Suite 628
4509 Saint Johns Ave	#451
16528 E Desmet Ct	Ste 584
3420 S Mercy Rd	#18
61 Spit Brook Rd	Suite F402
7200 Cambridge St	#450
1334 SW Buchanan St	#29
1945 Mesquite Ave	Suite 330
9040 W Clearwater Ave	Suite 467
11110 Medical Campus Rd	Suite 373
2334 W Higgins Rd	#602
150 Buffalo Ave	#B215
1929 S 5th St	Ste 353
711 5th St	Suite 539
1375 Stringtown Rd	#390
5400 W Rosecrans Ave	Suite C303
21390 SE 297th St	Ste 631
130 Saw Mill Rd	#644
387 Civic Dr	#284
450 Mamaroneck Ave	Ste 86
8120 Main St	Ste B408
73 N Main St	Suite 39
2450 Severn Ave	Ste B467
270 W Lake Mead Pkwy	Suite 377
147 W Cherry St	Suite 247
371 E 1st St	Ste 355
4632 Denton Hwy	Suite 16
7210 40th St	Suite E6
555 Quince Orchard Rd	Ste 426
1408 County Road	Ste 222
208 Cox Blvd	Suite 329
1301 3rd St	#C179
4240 Highland Ave	Ste 218
1160 Lincoln Ave	#115
11711 Livingston Rd	Suite C661
10 Hospital Dr	Suite B348
2851 Carrollton Pike	Ste 166
2601 E Oakland Park Blvd	Suite D372
225 Cabrillo Hwy	Ste 411
17095 Main St	Ste 244
13214 Palm Beach Blvd	#253
2605 S State Rd	Ste 120
12261 10th St	#C553
1850 S Azusa Ave	#409
3216 Norton Ave	Ste 81
10710 Medlock Bridge Rd	Suite 465
2271 Highway 33	#A465
19185 SW 90th Ave	Ste 507
1500 Dodson Ave	#253
221 River St	#562
28300 Orchard Lake Rd	Ste 226
3521 W Purdue Ave	Ste 78
1403 Madison Park Dr	Ste 261
200 S Newman St	Ste 267
1702 E Tyler Ave	#106
300 Callen Blvd	#B142
455 S Main St	Ste 598
1900 16th St	Suite C173
48 Sanderson St	#F365
300 Highland Ave	Ste 127
516 Court St	Ste B55
3401 Behrman Pl	Ste 393
1919 W Cook Rd	#556
5555 Transportation Blvd	#479
950 N State St	#155
1612 Lancaster Dr	Ste 371
1015 Rice Valley Road	#278
8080 Madison Ave	Ste 411
2291 Flora Springs St	#373
3002 Sam Houston Dr	Suite B616
14642 Newport Ave	#C171
298 Washington St	Ste C403
110 Southwood Lake Dr	#42
265 Summer St	Ste 372
926 Central Ave	#C79
1700 S 1st Ave	Suite 383
2201 Jackson Blvd	Ste 621
7010 Preston Rd	Suite 397
1466 Jesse Jewell Pkwy SE	Ste 366
5555 W Thunderbird Rd	#603
36000 Darnall Loop	#511
1100 Adobe rd	Suite A208
1275 Sadler Way	Suite 29
7545 N Del Mar Ave	Ste C366
2800 Livernois Rd	Suite C357
401 W Poplar St	#220
824 Airport Fwy	Ste A29
200 Rowan Blvd	Ste C258
305 Hanson Ave	#132
5290 Douglas Blvd	Suite 210
1001 Broad St	#227
513 W Centerville Rd	#B227
2546 Addison Ave	#289
2227 Dawn Shadow Way	Ste 627
330 First Capitol Drive Medical Building 1	Suite C337
1541 SE 12th Ave	#576
412 Lani Ct	#256
5400 S 2700 W	Ste 28
395 Oyster Point Blvd	Suite B457
1380 NW Washington Blvd	#409
1125 N College Ave	#B374
7965 Sierra Ave	Suite B194
14019 Southwest Fwy	#177
13000 Josey Ln	#C117
4025 Chums Village Dr	Ste A312
1565 N Main St	Ste B259
4598 S Tracy Blvd	#410
1100 E Main Cross St	Suite B96
16000 Pearl Rd	#180
2102 S Dale Mabry Hwy	Suite 14
299 W Foothill Blvd	Ste 43
1817 Laskin Rd	#517
307 Amherst Rd	#B35
3208 Santa Anita Ave	Suite C499
35 Casa St	Suite 235
13352 S 5600 W	Ste C54
3201 Palmer Hwy	Suite 526
357 Midland Ave	Suite C80
2401 S 31st St	Ste 654
725 Buckles Ct N	#478
9016 Glass Chimney Ln	Suite 15
1451 El Camino Real	Ste 40
60 E Rio Salado Pkwy	Suite 423
170 Carando Dr	#C119
7600 E Florentine Rd	#243
28780 Single Oak Dr	#B646
4102 Gibson Ln	Suite 622
11094 Lee Hwy	#F150
1640 Basswood Blvd	Suite F263
2501 Jimmy Johnson Blvd	#B151
617 E Alvarado St	#328
2300 E 30th St	#E530
126 Hillside Ave	#520
4739 Old Canoe Creek Rd	Suite B388
1625 E Prater Way	Ste 425
22401 Foster Winter Dr	Ste 318
996 Middle Country Rd	Ste 374
4720 Jonesboro Rd	Suite 576
2019 Meade Pkwy	Ste B490
1821 Wilshire Blvd	Ste B285
4023 Sun N Lake Blvd	#257
1727 Crenshaw Blvd	Ste 372
144 169th St	Suite 273
4040 S 188th St	Ste 509
915 Michigan St	Suite 456
3720 Shipyard Blvd	Suite 418
899 N Wilmot Rd	Ste C307
6 Symmes Rd	#B205
15920 S Rancho Sahuarita Blvd	Suite 648
1450 S Johnson Ferry Rd	#245
1644 Parker Ave	Suite E539
1102 E Chestnut Ave	#B435
17350 St	#300
1780 N.W. Myhre Rd.	Suite 342
3220 Atlanta St	Ste 485
250 Lombard St	Ste 630
1600 San Fernando Rd	Ste 267
14544 7th St	#70
425 Pine Ridge Blvd	Ste 635
399 S Malpais Ln	Suite 183
24 Idlewood Blvd	#299
2911 Herring Ave	Ste C335
5801 Allentown Rd.	Ste 97
1611 S Green Rd	Suite C566
251 County Road	Ste 542
200 E Joppa Rd	#613
10615 W Grand Pkwy S	Suite 209
3196 Kennedy Blvd	#A654
1106 South St	#148
1700 Mchenry Ave	Ste 203
6501 Loisdale Ct	Ste B600
5311 Spring Hill Dr	Suite 4
520 Main St	Suite 475
4800 Sand Point Way NE	#434
205 N Pine St	#146
14500 Hall Rd	Ste B268
680 E Romie Ln	Ste 175
2515 White Bear Ave	Suite 660
29345 SW Town Center Loop E	#72
1 Long Wharf Dr	#265
3 Riverside Cir	Ste 530
211 Church St	Ste B641
200 Kennedy Dr	Suite A178
308 Student Health Center	Ste 466
1237 Rose Ave	#174
631 W Covina Blvd	#C138
1025 Westhaven Blvd	#495
1531 Grand Ave	#573
207 W High St	#622
1340 Wonder World Dr	Suite C191
1789 Woodlane Dr	#150
9060 E V-A Linda	Ste B471
25 E Schaumburg Rd	Suite 602
7301 Forest Ave	#393
5091 Amboy Rd	Suite 443
11649 Boyette Rd	#402
1600 SW Archer Rd	Ste 495
4190 S Highland Dr	#156
5666 E State St	Ste 207
792 S 3000 E	#B349
1309 N Flagler Dr	Ste B563
939 Mountain View Dr	Suite C218
9499 Washington St	#374
37100 N Gantzel Rd	Ste 557
100 S San Mateo Dr	#B104
1545 E Southlake Blvd	Ste B579
1720 S University Drive	Suite B574
1906 Braeburn Dr	#530
4430 106th St	#582
40 Professional Center Pkwy	Suite 82
14712 Wheeler Rd	#B568
1000 E 21st St	#22
99 Dartmouth St	#B601
755 Hempstead Tpke	Suite 644
5401 Old Court Rd	Suite 438
5301 Dempster St	#C110
7041 Lee Park Rd	Suite D539
21000 E 12 Mile Rd	Suite 344
24080 SE Kent Kangley Rd	Suite 303
1535 N China Lake Blvd	#264
9999 Mira Mesa Blvd	Suite B114
1255 Triangle Ct	Ste 299
26303 Western Ave	Suite 310
420 S Saginaw St	#420
3031 N Rocky Point Dr	Suite 351
1939 Academy Ave	#C654
11102 Sunrise Blvd	Ste 640
1808 Boise Ave	#659
923 S San Gabriel Blvd	Ste 528
3272 Hempstead Tpke	Ste 525
447 Montauk Ave	Suite 181
5584 Imperial Hwy	Ste 213
16708 Bothell Everett Hwy	Suite C605
7617 Dayton Springfield Rd	#169
1835 Oakland Ave	Ste 103
23011 Alcalde Dr	Suite 562
3491 Gandy Blvd	#C308
11660 Alpharetta Hwy	Ste 601
600 Nash Medical Arts Mall	Ste D355
10931 Raven Ridge Road	#334
156 Wyatt Dr	Ste 185
9106 Providence Ave	Suite 83
2041 Belshaw St	#B639
51 Schuyler Ave	Ste 330
1649 Brice Rd	#214
820 Rolling Hills Dr	#B436
10223 Broadway St	#466
155 Borthwick Ave	#135
2751 Boulevard Ave	Ste 562
1500 E 2nd St	Suite B573
255 N Breiel Blvd	#438
2888 Cochran St	Ste C294
1064 E Main St	Ste 346
601 E Micheltorena St	#623
1055 W Avenue	#393
5316 S Woodrow St	Ste 447
850 E Foothill Blvd	Ste 225
240 W Front St	#306
13425 Sousa Ln	Ste 441
200 Herlong Ave	Suite E619
1249 Suncrest Town Centre Dr	Suite B536
2170B South Ave	Ste B37
2111 Cloyd Blvd	#B576
621 Science Dr	Ste 168
3700 Kolbe Rd	Suite F364
1017 E Young St	#314
2224 Medical Center Dr	Ste 20
807 Nicklin Ave	Suite 13
15803 Windermere Dr	#276
350 Fortune Ter	Ste 110
56 Franklin St	#C569
125 Shoreway Rd	Suite A447
16750 80th Ave	Ste C144
9321 Sanger St	Suite 547
339 Cypress Pkwy	#546
807 Main St	Ste 643
333 School St	Ste B548
75 Crystal Run Rd	Suite E536
2700 Yonkers St	Suite 320
726 Mcfarland St	Suite 125
2023 Vale Rd	Ste 602
1161 Cirby Way	#B454
404 W Main St	Suite C336
1225 N H St	#72
3676 Parker Blvd	Ste 564
5009 Honeygo Center Dr	Ste A653
1601 Medical Dr	Suite 471
2920 Route 112	#B354
8109 Ritchie Hwy	Ste 58
1825 Logan Ave	Suite 162
30955 Woodward Ave	Ste 416
945 E Genesee St	#220
18040 SW Lower Boones Ferry Rd	#B659
8320 NW 54th St	Suite 445
21072 Saddleback Cir	Ste 520
1103 19th St	Suite B512
241 N Main St	#B169
1 Essex Center Dr	#547
1200 SW 27th St	#B578
75 W Lee St	Suite 264
4004 Kruse Way Pl	Suite 459
5530 S 79th East Pl	Ste 627
12844 Military Rd	Suite 70
424 N Utica Ave	Ste B615
44084 Riverside Pkwy	Suite 460
44405 Woodward Ave	Suite 36
16408 Bond Mill Rd	#399
21298 Olean Blvd	Suite 412
235 Witherspoon St	#108
234 W Jericho Tpke	Ste C119
9575 Ethan Wade Way SE	Ste 517
1144 Fortress Blvd	Suite B464
8045 Cerritos Ave	Ste C30
1 Medical Plaza Dr	#B450
1836 South Ave	Ste 382
714 State Route 10	#B654
150 Flanagan Way	#161
211 13th St	Suite 246
2033 S Broad St	#B606
8221 Ranch Blvd	#354
102 N Main St	Ste 609
2435 NE Cumulus Ave	Ste 600
730 Monterey St	Suite 495
1850 W Arlington Blvd	Ste B438
1620 S Pioneer Way	Suite 253
2199 Old Bridge Rd	#204
6300 W Parker Road	#624
40111 Highway 190 E	#141
145 N 6th St	Ste B140
2601 Little Elm Pkwy Bldg 12	Ste B410
14991 W Bell Rd	Ste 297
140 Nauset St	Suite 60
21 Waterway Ave	Suite 177
221 Cambridge Ave	Ste 571
3700 Southern Blvd	#438
539 N Mentor Ave	Suite 323
719 Thompson Ln	Ste 125
2569 W Us Highway 77	#C16
140 W Lamberth Rd	Suite 95
1003 N Providence Dr	#314
333 SE 7th Ave	Ste 183
111 Harmon Ave	#152
20955 Lycoming St	#B124
24800 SE Stark St	#305
800 Goodyear Ave	#B220
2601 S 56th St	Ste 639
1840 Enterprise Dr	#207
88 Mcgregor St	Ste 381
1149 Lincoln Way E	Ste 513
7171 N University Dr	Ste 489
605 3rd Ave	#127
22316 Us Highway 27	Ste C109
39180 Farwell Dr	Suite E353
1020 Franklin St	#131
705 Dranesville Rd	Ste 393
10201 Mission Gorge Rd	Ste 366
1 S Forest Rd	Ste 389
22316 Pontiac Trl	Suite 515
600 NW 11th St	Ste 45
1 Freeland St	#393
10330 SE 32nd Ave	#B550
12490 Ulmerton Rd	#619
1625 Creekside Dr	#254
27231 La Paz Rd	Ste 410
18351 Beach Blvd	Suite B173
32312 Camino Capistrano	#185
7 Oser Ave	Ste 66
3511 Desiard St	Ste 362
124 Sleepy Hollow Dr	Suite A140
1112 Fair Oaks Ave	Ste 516
813 S Michigan St	#381
1100 E Park St	Ste 27
2601 Churchill Dr	#457
420 Golf Club Rd	Suite 181
6750 N Macarthur Blvd	#603
1101 Nott St	#90
210 Hospital Dr	Ste 498
9003 Church St	Suite 595
9660 S 1300 E	#B92
105 Mckinley Ave	#C143
5510 S East St	#499
415 E Harding Way	Suite 657
750 8th Ave	#464
1 Dearborn Sq	Ste 356
454 Elizabeth Ave	#B213
25 Grand Avenue	Ste B267
460 William Hilton Pkwy	Ste C90
1900 Dresden Dr	Ste 48
484A Ritchie Hwy	Ste 445
2960 N State Road	Ste 136
800 Montauk Hwy	Ste 378
1521 Gull Rd	#363
1120 Shackelford Rd	Ste 544
4501 Clear Creek Rd	Suite A73
46767 Monroe St	Suite B87
991 Calle Amanecer	Ste 1
6550 Hollister Ave	#616
3921 Shallowford Rd	Suite 54
840 N 5th Ave	#178
1009 Water St	Suite D329
1471 N Acacia Ave	#290
19115 Colima Rd	Suite 500
789 Pre Emption Rd	Ste 331
6000 Brockton Dr	Suite 511
709 Green Valley Rd	Suite 485
550 Railroad Ave	#594
165 Lennon Ln	#502
4411 W Gore Blvd	Ste 77
4 Jill Ct	Ste 348
100 Milk St	Suite C41
5010 Crenshaw Rd	Ste 418
6125 Melita Rd	#B102
1811 N Austin Ave	#B594
900 E Michigan Ave	Suite 621
1261 E Hillsdale Blvd	Suite 545
1813 W Harvard Ave	#C84
3328 N Litchfield Rd	Ste 634
2075 University Park Blvd	Suite 382
7227 Broadway	Suite 197
3005 Rapids Dr	Ste C389
165 N Village Ave	Ste B534
719 E 2nd St	Ste 480
400 E Santa Barbara St	#C325
6850 L St	Suite 178
501 S Brookhurst Rd	Suite F34
2415 University Pkwy	Ste 620
1040 Greenwood Springs Blvd	Suite 69
1044 E Hazelwood Ave	Suite 245
404 Indiana Ave	#88
101 Jordan Rd	Suite 477
5501 Gordon Smith Dr	Suite C413
1430 Nelson Rd	Suite C575
12251 Taft St	Suite C558
24555 Haig St	Suite 408
619 S Fleishel Ave	#83
520 N Prospect Ave	Suite 463
11307 Bridgeport Way SW	#B301
21300 N John Wayne Pkwy	#B159
5147 N 9th Ave	#483
1101 S Broadway	#C492
1005 W Ralph Hall Pkwy	Ste 589
18208 66th Ave	#55
5420 Milan Rd	Suite 193
251 N Main St	Ste 93
805 Pamplico Highway Medical Pavilion B	Ste 159
1100 San Leandro Blvd	Ste B529
1000 Mineral Point Ave	#B468
1530 Lee Blvd	Ste E470
1836 Greene Tree Rd	#524
600 W Main St	Suite 182
5300 Snyder Ln	#6
605 Richmond Dr	#93
412 S 8th St	Ste 130
20962 Levee Way	Ste 332
3200 N Ashley St	#110
6402 N New Braunfels Ave	#C515
2261 S 6th St	Suite 183
401 Matthew St	Ste 236
100 Campus Ctr	Suite 664
1316 Jackie Rd	#443
52 N 4th Ave	Suite 93
712 Grove Rd	Ste 330
3480 Buskirk Ave	#A407
1198 Pacific Coast Hwy	Ste B158
34055 Solon Rd	#658
201 Oak Dr	Suite 545
1231 Pine Grove Ave	#62
3120 N Old Trl	#133
8150 Leesburg Pike	Ste C579
2933 University Ave	#92
10 Dorrance St	Suite 91
2402 Atherholt Rd	Suite 657
630 Park View Dr	Suite 211
437 Market St	Ste 271
525 Oregon St	Ste 220
3249 N 1200 W	Ste B506
6406 Highway 78	#530
1200 N Tustin Ave	Suite 311
10225 Austin Dr	#73
5036 Passons Blvd	Ste 598
500 N Columbia River Hwy	Ste 401
73 Chestnut St	Suite 268
446 Effingham Street	#D387
107 Piper Hill Dr	Ste 265
1 Washington St	Suite 415
224 Queen Emma Sq	Ste 338
1912 NE 179th St	Ste 162
1601 Kings Hwy	#B205
1236A Wilson Hall Rd	Ste 119
6790 Bernal Ave	Suite C663
190 Commercial St	Suite 345
14519 Detroit Ave	Suite 523
577 2nd St	Suite 11
1941 Zinfandel Dr	Suite 348
236 Highland Ave	Ste 383
291 E Port Hueneme Rd	Suite C358
2233 N Center Rd	Suite B18
601 S Florida Ave	#288
205 E Frey St	Suite A35
221 Chestnut St	Suite 331
560 Wallace Rd	#2
9403 Harford Rd	Ste 25
3377 Riverbend Dr	Suite 294
1496 Professional Dr	Suite 630
4897 State Highway 121	Ste E19
3701 Wheatridge Dr	#227
377 W Campbell Rd	#456
3250 W Pleasant Run Rd	Suite F640
158 Orchard St	Ste 510
2860 Del Paso Rd	Suite E255
20220 Farnsleigh Rd	Suite 212
913 N Main St	Suite 331
136 Federal St	Suite C223
800 Corporate Dr	Ste 88
2819 Crow Canyon Rd	Ste B313
5448 E Us Highway 83	#B184
204 Gate St	#616
115 Crescent St	#B182
720 S Main St	#195
7500 Hellman Ave	#343
3525 S National Ave	Ste B371
3104 Sunset Blvd	Suite 77
2805 Campus Dr	#443
510 N Guadalupe St	Ste 43
2509 Pleasant Run Dr	#489
321 N Preston Rd	Ste 53
620 Summit Crossing Pl	Suite B508
750 Garcia Ave	Suite 118
5295 Preserve Pkwy	Ste 1
233 N Van Dien Ave	#222
78 Lanewood Ave	#185
604 NW Richmond Beach Rd	Suite 494
617 NE Glendale Ave	Ste 237
321 W Atlantic Blvd	#242
3190 Old Tunnel Rd	Suite 633
907 Oak Tree Ave	Suite 608
10841 White Oak Ave	Suite 400
810 Main St	Ste 210
901 Nevin Ave	#278
825 Old Country Rd	Ste 398
1729 N Olive Ave	#F351
127 S Brand Blvd	#360
210 Medical Park Blvd	Suite 539
980 Placer St	Suite 523
380 Dogwood Ave	Suite C119
1205 Russell Pkwy	#313
8232 W Cactus Rd	Suite 529
22050 E Rosa Rd	#443
530 New Brunswick Ave	Suite 358
812 3rd St	Suite 365
11225 Pacific Ave	Ste C367
25 Michigan St	Suite 530
6115 Powers Blvd	#218
651 N State St	Suite B114
1425 State Highway 75 N	#C664
2121 Medical Center Way	#B412
350 Terracina Blvd	Ste 512
1860 Centre Ave	#478
9633 W Broward Blvd	Ste 241
9711 Medical Center Dr	#79
1246 W 155th St	Suite C300
1475 Taney Ave	Suite B436
275 Hospital Dr	#608
33077 Alvarado Niles Rd	#23
878 Lakeland Dr	Suite C207
1715 SE Tiffany Ave	Ste 166
18111 Brookhurst St	Ste 403
2900 Whipple Ave	Ste 387
159 Margaret St	#C42
4520 Business Center Dr	Suite 611
130 Cedar Rd	Ste 431
4932 W State Road	#B374
1309 S Mary Ave	#264
14133 SE Alta Vista Dr	Ste 503
4425 Hill Ave	Ste 240
3641 Ridge Mill Dr	Ste A463
1940 N Orange Grove Ave	Suite 503
1 Norwegian Plz	Suite 60
636 Spring St	#376
877 Stewart Ave	Suite 371
208 W Main St	#2
801 Traeger Ave	Suite 9
204 Pinehurst Dr	Ste 373
4560 Lake Ridge Pkwy	Suite 152
1800 Medical Center Dr	#36
1200 Randolph Rd	Ste 4
800 W Central Texas Expy	Ste C118
1 Civic Center Plz	Ste 545
1655 N Wilkinson Way	Ste 564
1725 N 5th St	Ste 148
1742 Metromedical Dr	Suite C555
53 Main St	Ste 394
9810 Las Tunas Dr	#347
153 E Merrick Rd	Suite 560
1505 Soquel Dr	Suite B109
1735 Elm Ct	Ste 124
2329 San Miguel Canyon Rd	Ste 471
1108 Ward Ave	#639
2350 Taft St	Ste F512
80 Seymour St	Ste 560
1253 Rock Springs Rd	Ste C567
22-18 Broadway	#455
25055 Riding Plz	Suite 663
11900 E 12 Mile Rd	Ste 501
1500 N James St	Ste C430
3135 Superior Dr	#471
301 Max Luther Dr	Suite F114
350 Boulevard	#220
552 W Foothill Blvd	Ste 439
4400 Interstate Highway 30 W	#C530
3838 Pacific Ave	#91
3100 Superior Ave	Suite C393
15125 Meridian E	Ste 11
921 N Washington Ave	#318
50 Francisco St	#116
3820 S Nova Rd	Suite 365
21 Gonic Rd	Suite C363
505 S 336th St.	Ste 317
763 E Us Highway 80	#E637
350 W Thomas Rd	#235
22850 NE 8th St	Ste 562
168 N Brent St	Ste 16
933 S Talbot St	#298
777 North St	#A652
180 Shirley Ave	Suite 591
4302 Allen Rd	Suite A636
4112 Links Ln	Ste 649
1541 NW Canal Blvd	Suite 428
620 10th St	Suite C280
501 Redmond Rd	Suite 476
465 W Putnam Ave	#29
395 W Cougar Blvd	Suite 195
10619 S Jordan Gtwy	Ste 122
11207 Shawnee Mission Pkwy	Suite 506
2511 NW 64th Ave	Suite 602
402 N Bryant Blvd	#C305
1010 Refugee Rd	Suite 503
22032 El Paseo	#579
11700 Mercy Blvd	Suite 196
2001 Miccosukee Rd	#A197
1155 Concord Rd	Ste D417
4850 Lemay Ferry Rd	Ste 481
17615 NE 136th St	Ste B52
23911 Calgrove Blvd	Suite 48
1000 E Rollins Rd	Ste 134
29409 S Western Ave	Suite 584
4805 NE Glisan St	Ste 185
16 King St	Ste C524
10701 Parkridge Blvd	#252
4341A Golden Center Dr	Ste 21
